	precision	recall	f1-score	support
AGAINST	0.46153846153846156	0.11764705882352941	0.1875	51.0
FAVOR	0.6838709677419355	0.8760330578512396	0.7681159420289855	121.0
NONE	0.55	0.6111111111111112	0.5789473684210527	36.0
accuracy	0.6442307692307693	0.6442307692307693	0.6442307692307693	0.6442307692307693
macro avg	0.565136476426799	0.5349304092619601	0.511521103483346	208.0
weighted avg	0.6061867722847872	0.6442307692307693	0.5930126646570439	208.0
