	precision	recall	f1-score	support
AGAINST	0.8214285714285714	0.3194444444444444	0.45999999999999996	72.0
FAVOR	0.358974358974359	0.4375	0.39436619718309857	32.0
NONE	0.6891891891891891	0.918918918918919	0.7876447876447876	111.0
accuracy	0.6465116279069767	0.6465116279069767	0.6465116279069767	0.6465116279069767
macro avg	0.6231973731973732	0.5586211211211212	0.5473369949426287	215.0
weighted avg	0.6843257517676121	0.6465116279069767	0.6193873941322353	215.0
