	precision	recall	f1-score	support
AGAINST	0.5308641975308642	0.8431372549019608	0.6515151515151516	51.0
FAVOR	0.8160919540229885	0.5867768595041323	0.6826923076923077	121.0
NONE	0.525	0.5833333333333334	0.5526315789473685	36.0
accuracy	0.6490384615384616	0.6490384615384616	0.6490384615384616	0.6490384615384616
macro avg	0.6239853838512842	0.6710824825798088	0.6289463460516093	208.0
weighted avg	0.695775002456037	0.6490384615384616	0.6525373980776309	208.0
