	precision	recall	f1-score	support
AGAINST	0.8064516129032258	0.3472222222222222	0.48543689320388356	72.0
FAVOR	0.48	0.75	0.5853658536585366	32.0
NONE	0.7388059701492538	0.8918918918918919	0.8081632653061224	111.0
accuracy	0.6883720930232559	0.6883720930232559	0.6883720930232559	0.6883720930232559
macro avg	0.6750858610174931	0.6630380380380381	0.6263220040561809	215.0
weighted avg	0.7229394363516252	0.6883720930232559	0.6669269119848018	215.0
