	AGAINST	FAVOR	NONE	accuracy	macro avg	weighted avg
precision	0.14285714285714285	0.6610169491525424	0.6153846153846154	0.6271186440677966	0.4730862357981002	0.5454076709463093
recall	0.02857142857142857	0.8571428571428571	0.6274509803921569	0.6271186440677966	0.5043884220354808	0.6271186440677966
f1-score	0.04761904761904761	0.7464114832535885	0.6213592233009709	0.6271186440677966	0.4717965847245356	0.5722001809666256
support	35.0	91.0	51.0	0.6271186440677966	177.0	177.0
