	precision	recall	f1-score	support
AGAINST	0.5	0.0392156862745098	0.07272727272727272	51.0
FAVOR	0.6748466257668712	0.9090909090909091	0.7746478873239437	121.0
NONE	0.5609756097560976	0.6388888888888888	0.5974025974025975	36.0
accuracy	0.6490384615384616	0.6490384615384616	0.6490384615384616	0.6490384615384616
macro avg	0.5786074118409896	0.5290651614181026	0.481592585817938	208.0
weighted avg	0.612267133024091	0.6490384615384616	0.5718652826047192	208.0
