	precision	recall	f1-score	support
AGAINST	0.8333333333333334	0.1388888888888889	0.2380952380952381	72.0
FAVOR	0.3170731707317073	0.40625	0.3561643835616438	32.0
NONE	0.6481481481481481	0.9459459459459459	0.7692307692307693	111.0
accuracy	0.5953488372093023	0.5953488372093023	0.5953488372093023	0.5953488372093023
macro avg	0.5995182174043963	0.4970282782782783	0.4544967969625504	215.0
weighted avg	0.6608873763156236	0.5953488372093023	0.5298824781462564	215.0
