	precision	recall	f1-score	support
AGAINST	0.0	0.0	0.0	51.0
FAVOR	0.6243093922651933	0.9338842975206612	0.7483443708609272	121.0
NONE	0.5925925925925926	0.4444444444444444	0.5079365079365079	36.0
accuracy	0.6201923076923077	0.6201923076923077	0.6201923076923077	0.6201923076923077
macro avg	0.40563399495259533	0.4594429139883685	0.41876029293247835	208.0
weighted avg	0.4657440855645275	0.6201923076923077	0.5232470344225312	208.0
