	precision	recall	f1-score	support
AGAINST	0.0	0.0	0.0	72.0
FAVOR	0.23636363636363636	0.8125	0.36619718309859156	32.0
NONE	0.7884615384615384	0.7387387387387387	0.7627906976744186	111.0
accuracy	0.5023255813953489	0.5023255813953489	0.5023255813953489	0.5023255813953489
macro avg	0.3416083916083916	0.5170795795795796	0.3763292935910034	215.0
weighted avg	0.44224589364124245	0.5023255813953489	0.44831663860937393	215.0
