	precision	recall	f1-score	support
AGAINST	0.8571428571428571	0.5833333333333334	0.6942148760330579	72.0
FAVOR	0.5	0.625	0.5555555555555556	32.0
NONE	0.7777777777777778	0.8828828828828829	0.8270042194092827	111.0
accuracy	0.7441860465116279	0.7441860465116279	0.7441860465116279	0.7441860465116279
macro avg	0.7116402116402116	0.6970720720720721	0.6922582169992988	215.0
weighted avg	0.7630121816168327	0.7441860465116279	0.7421335684027364	215.0
