	AGAINST	FAVOR	NONE	accuracy	macro avg	weighted avg
precision	0.38	0.7528089887640449	0.7894736842105263	0.655367231638418	0.6407608909915238	0.6896541009732482
recall	0.5428571428571428	0.7362637362637363	0.5882352941176471	0.655367231638418	0.6224520577461754	0.655367231638418
f1-score	0.44705882352941173	0.7444444444444445	0.6741573033707866	0.655367231638418	0.6218868571148809	0.6653871510727908
support	35.0	91.0	51.0	0.655367231638418	177.0	177.0
