	precision	recall	f1-score	support
AGAINST	0.5844155844155844	0.8823529411764706	0.7031250000000001	51.0
FAVOR	0.8333333333333334	0.7024793388429752	0.7623318385650224	121.0
NONE	0.5862068965517241	0.4722222222222222	0.523076923076923	36.0
accuracy	0.7067307692307693	0.7067307692307693	0.7067307692307693	0.7067307692307693
macro avg	0.6679852714335474	0.685684834080556	0.6628445872139818	208.0
weighted avg	0.7295287327614914	0.7067307692307693	0.706405272582389	208.0
