	precision	recall	f1-score	support
AGAINST	0.7833333333333333	0.6527777777777778	0.7121212121212122	72.0
FAVOR	0.5675675675675675	0.65625	0.6086956521739131	32.0
NONE	0.8050847457627118	0.8558558558558559	0.8296943231441049	111.0
accuracy	0.7581395348837209	0.7581395348837209	0.7581395348837209	0.7581395348837209
macro avg	0.7186618822212042	0.7216278778778779	0.7168370624797434	215.0
weighted avg	0.762449157868945	0.7581395348837209	0.7574281767966891	215.0
