	precision	recall	f1-score	support
AGAINST	0.5294117647058824	0.8823529411764706	0.661764705882353	51.0
FAVOR	0.8380952380952381	0.7272727272727273	0.7787610619469028	121.0
NONE	0.7777777777777778	0.3888888888888889	0.5185185185185185	36.0
accuracy	0.7067307692307693	0.7067307692307693	0.7067307692307693	0.7067307692307693
macro avg	0.7150949268596327	0.6661715191126956	0.6530147621159248	208.0
weighted avg	0.7519688644688645	0.7067307692307693	0.7050324767415476	208.0
