	precision	recall	f1-score	support
AGAINST	0.7692307692307693	0.6944444444444444	0.72992700729927	72.0
FAVOR	0.5	0.625	0.5555555555555556	32.0
NONE	0.8272727272727273	0.8198198198198198	0.8235294117647058	111.0
accuracy	0.7488372093023256	0.7488372093023256	0.7488372093023256	0.7488372093023256
macro avg	0.6988344988344988	0.713088088088088	0.7030039915398438	215.0
weighted avg	0.7591250609855262	0.7488372093023256	0.7522990093451515	215.0
