	AGAINST	FAVOR	NONE	accuracy	macro avg	weighted avg
precision	0.4888888888888889	0.7741935483870968	0.717948717948718	0.6892655367231638	0.6603437184082345	0.7015712351961668
recall	0.6285714285714286	0.7912087912087912	0.5490196078431373	0.6892655367231638	0.6562666092077857	0.6892655367231638
f1-score	0.5499999999999999	0.7826086956521738	0.6222222222222223	0.6892655367231638	0.651610305958132	0.6903995742241873
support	35.0	91.0	51.0	0.6892655367231638	177.0	177.0
