	precision	recall	f1-score	support
AGAINST	0.7833333333333333	0.6527777777777778	0.7121212121212122	72.0
FAVOR	0.5294117647058824	0.5625	0.5454545454545455	32.0
NONE	0.7851239669421488	0.8558558558558559	0.8189655172413794	111.0
accuracy	0.7441860465116279	0.7441860465116279	0.7441860465116279	0.7441860465116279
macro avg	0.6992896883271215	0.6903778778778779	0.6921804249390457	215.0
weighted avg	0.7464648223310081	0.7441860465116279	0.7424764890282133	215.0
