	AGAINST	FAVOR	NONE	accuracy	macro avg	weighted avg
precision	0.40540540540540543	0.797752808988764	0.6862745098039216	0.6836158192090396	0.6298109080660304	0.6880491232043318
recall	0.42857142857142855	0.7802197802197802	0.6862745098039216	0.6836158192090396	0.6316885728650434	0.6836158192090396
f1-score	0.4166666666666667	0.7888888888888889	0.6862745098039216	0.6836158192090396	0.6306100217864924	0.6857187696170747
support	35.0	91.0	51.0	0.6836158192090396	177.0	177.0
