	precision	recall	f1-score	support
AGAINST	0.6976744186046512	0.5882352941176471	0.6382978723404256	51.0
FAVOR	0.7741935483870968	0.7933884297520661	0.7836734693877551	121.0
NONE	0.5853658536585366	0.6666666666666666	0.6233766233766234	36.0
accuracy	0.7211538461538461	0.7211538461538461	0.7211538461538461	0.7211538461538461
macro avg	0.6857446068834282	0.6827634635121266	0.6817826550349345	208.0
weighted avg	0.722749929977804	0.7211538461538461	0.7202848063790313	208.0
