	precision	recall	f1-score	support
AGAINST	0.6527777777777778	0.9215686274509803	0.7642276422764227	51.0
FAVOR	0.8909090909090909	0.8099173553719008	0.8484848484848484	121.0
NONE	0.8461538461538461	0.6111111111111112	0.7096774193548387	36.0
accuracy	0.8028846153846154	0.8028846153846154	0.8028846153846154	0.8028846153846154
macro avg	0.7966135716135717	0.7808656979779974	0.7741299700387033	208.0
weighted avg	0.8247750246548323	0.8028846153846154	0.8038012669208577	208.0
