	precision	recall	f1-score	support
AGAINST	0.8507462686567164	0.7916666666666666	0.8201438848920863	72.0
FAVOR	0.6129032258064516	0.59375	0.6031746031746031	32.0
NONE	0.8205128205128205	0.8648648648648649	0.8421052631578947	111.0
accuracy	0.8	0.8	0.8	0.8
macro avg	0.7613874383253295	0.7500938438438438	0.7551412504081947	215.0
weighted avg	0.7997374774233168	0.8	0.7991889824388086	215.0
