	precision	recall	f1-score	support
AGAINST	0.59375	0.7450980392156863	0.6608695652173913	51.0
FAVOR	0.7964601769911505	0.743801652892562	0.7692307692307692	121.0
NONE	0.5806451612903226	0.5	0.537313432835821	36.0
accuracy	0.7019230769230769	0.7019230769230769	0.7019230769230769	0.7019230769230769
macro avg	0.6569517794271577	0.6629665640360828	0.6558045890946604	208.0
weighted avg	0.709404602030677	0.7019230769230769	0.7025218965629787	208.0
