	AGAINST	FAVOR	NONE	accuracy	macro avg	weighted avg
precision	0.5	0.7954545454545454	0.6382978723404256	0.6836158192090396	0.6445841392649904	0.6917488990153973
recall	0.6	0.7692307692307693	0.5882352941176471	0.6836158192090396	0.6524886877828054	0.6836158192090396
f1-score	0.5454545454545454	0.782122905027933	0.6122448979591838	0.6836158192090396	0.646607449480554	0.6863761765218608
support	35.0	91.0	51.0	0.6836158192090396	177.0	177.0
