	precision	recall	f1-score	support
AGAINST	0.8571428571428571	0.75	0.7999999999999999	72.0
FAVOR	0.6451612903225806	0.625	0.634920634920635	32.0
NONE	0.8016528925619835	0.8738738738738738	0.8362068965517241	111.0
accuracy	0.7953488372093023	0.7953488372093023	0.7953488372093023	0.7953488372093023
macro avg	0.7679856800091404	0.7496246246246246	0.7570425104907863	215.0
weighted avg	0.7969438050185509	0.7953488372093023	0.7941229108590776	215.0
