	AGAINST	FAVOR	NONE	accuracy	macro avg	weighted avg
precision	0.42857142857142855	0.8024691358024691	0.6595744680851063	0.6610169491525424	0.6302050108196681	0.6873615210755092
recall	0.6	0.7142857142857143	0.6078431372549019	0.6610169491525424	0.6407096171802054	0.6610169491525424
f1-score	0.5	0.7558139534883721	0.6326530612244897	0.6610169491525424	0.6294890049042873	0.6697422366660499
support	35.0	91.0	51.0	0.6610169491525424	177.0	177.0
