	precision	recall	f1-score	support
AGAINST	0.527027027027027	0.7647058823529411	0.6239999999999999	51.0
FAVOR	0.7796610169491526	0.7603305785123967	0.7698744769874478	121.0
NONE	0.75	0.3333333333333333	0.46153846153846156	36.0
accuracy	0.6875	0.6875	0.6875	0.6875
macro avg	0.6855626813253931	0.6194565980662238	0.6184709795086364	208.0
weighted avg	0.7125834684097396	0.6875	0.6807413285137779	208.0
