	precision	recall	f1-score	support
AGAINST	0.7580645161290323	0.6527777777777778	0.7014925373134328	72.0
FAVOR	0.525	0.65625	0.5833333333333334	32.0
NONE	0.8053097345132744	0.8198198198198198	0.8125	111.0
accuracy	0.7395348837209302	0.7395348837209302	0.7395348837209302	0.7395348837209302
macro avg	0.6961247502141023	0.7096158658658659	0.699108623548922	215.0
weighted avg	0.7477675613593664	0.7395348837209302	0.7412168807127154	215.0
