	AGAINST	FAVOR	NONE	accuracy	macro avg	weighted avg
precision	0.5	0.7075471698113207	0.7297297297297297	0.672316384180791	0.6457589665136835	0.672898354062409
recall	0.4857142857142857	0.8241758241758241	0.5294117647058824	0.672316384180791	0.6131006248653308	0.672316384180791
f1-score	0.49275362318840576	0.7614213197969543	0.6136363636363636	0.672316384180791	0.6226037688739079	0.6657128330992745
support	35.0	91.0	51.0	0.672316384180791	177.0	177.0
