	precision	recall	f1-score	support
AGAINST	0.8545454545454545	0.6527777777777778	0.7401574803149606	72.0
FAVOR	0.6	0.65625	0.626865671641791	32.0
NONE	0.792	0.8918918918918919	0.8389830508474576	111.0
accuracy	0.7767441860465116	0.7767441860465116	0.7767441860465116	0.7767441860465116
macro avg	0.748848484848485	0.7336398898898899	0.7353354009347365	215.0
weighted avg	0.784368710359408	0.7767441860465116	0.7743170172989874	215.0
