	precision	recall	f1-score	support
AGAINST	0.6410256410256411	0.9803921568627451	0.7751937984496123	51.0
FAVOR	0.9047619047619048	0.7851239669421488	0.8407079646017699	121.0
NONE	0.68	0.4722222222222222	0.5573770491803278	36.0
accuracy	0.7788461538461539	0.7788461538461539	0.7788461538461539	0.7788461538461539
macro avg	0.7419291819291819	0.7459127820090387	0.7244262707439034	208.0
weighted avg	0.8011947027331642	0.7788461538461539	0.7756063519626739	208.0
