	AGAINST	FAVOR	NONE	accuracy	macro avg	weighted avg
precision	0.2857142857142857	0.6486486486486487	0.631578947368421	0.5875706214689266	0.5219806272437851	0.5719635782080029
recall	0.22857142857142856	0.7912087912087912	0.47058823529411764	0.5875706214689266	0.49678948502477915	0.5875706214689266
f1-score	0.25396825396825395	0.7128712871287128	0.5393258426966293	0.5875706214689266	0.5020551279311988	0.5721231299159878
support	35.0	91.0	51.0	0.5875706214689266	177.0	177.0
