	precision	recall	f1-score	support
AGAINST	0.8823529411764706	0.625	0.7317073170731708	72.0
FAVOR	0.5813953488372093	0.78125	0.6666666666666666	32.0
NONE	0.8016528925619835	0.8738738738738738	0.8362068965517241	111.0
accuracy	0.7767441860465116	0.7767441860465116	0.7767441860465116	0.7767441860465116
macro avg	0.7551337275252212	0.7600412912912913	0.7448602934305205	215.0
weighted avg	0.7958955069854733	0.7767441860465116	0.7759777938597349	215.0
