	precision	recall	f1-score	support
AGAINST	0.8518518518518519	0.6388888888888888	0.7301587301587301	72.0
FAVOR	0.6060606060606061	0.625	0.6153846153846154	32.0
NONE	0.78125	0.9009009009009009	0.8368200836820082	111.0
accuracy	0.772093023255814	0.772093023255814	0.772093023255814	0.772093023255814
macro avg	0.7463874859708194	0.7215965965965966	0.7274544764084513	215.0
weighted avg	0.7788187103594081	0.772093023255814	0.7681430955927403	215.0
