	AGAINST	FAVOR	NONE	accuracy	macro avg	weighted avg
precision	0.5333333333333333	0.7582417582417582	0.5892857142857143	0.6666666666666666	0.626953601953602	0.6650860909335486
recall	0.45714285714285713	0.7582417582417582	0.6470588235294118	0.6666666666666666	0.6208144796380091	0.6666666666666666
f1-score	0.4923076923076923	0.7582417582417583	0.6168224299065421	0.6666666666666666	0.6224572934853309	0.6649079839322197
support	35.0	91.0	51.0	0.6666666666666666	177.0	177.0
