	precision	recall	f1-score	support
AGAINST	0.8026315789473685	0.8472222222222222	0.8243243243243243	72.0
FAVOR	0.6428571428571429	0.5625	0.6000000000000001	32.0
NONE	0.8558558558558559	0.8558558558558559	0.8558558558558559	111.0
accuracy	0.8093023255813954	0.8093023255813954	0.8093023255813954	0.8093023255813954
macro avg	0.7671148592201225	0.7551926926926927	0.7600600600600601	215.0
weighted avg	0.8063297779332051	0.8093023255813954	0.8072155876807039	215.0
