	precision	recall	f1-score	support
AGAINST	0.6491228070175439	0.7254901960784313	0.6851851851851852	51.0
FAVOR	0.8151260504201681	0.8016528925619835	0.8083333333333333	121.0
NONE	0.65625	0.5833333333333334	0.6176470588235293	36.0
accuracy	0.7451923076923077	0.7451923076923077	0.7451923076923077	0.7451923076923077
macro avg	0.7068329524792373	0.7034921406579161	0.7037218591140161	208.0
weighted avg	0.746925554128534	0.7451923076923077	0.7451349610356963	208.0
