	precision	recall	f1-score	support
AGAINST	0.7796610169491526	0.6388888888888888	0.7022900763358778	72.0
FAVOR	0.5897435897435898	0.71875	0.6478873239436619	32.0
NONE	0.7948717948717948	0.8378378378378378	0.8157894736842105	111.0
accuracy	0.7534883720930232	0.7534883720930232	0.7534883720930232	0.7534883720930232
macro avg	0.7214254671881791	0.7318255755755755	0.7219889579879167	215.0
weighted avg	0.75924724336234	0.7534883720930232	0.7527902857736174	215.0
