	precision	recall	f1-score	support
AGAINST	0.660377358490566	0.6862745098039216	0.6730769230769231	51.0
FAVOR	0.8135593220338984	0.7933884297520661	0.8033472803347281	121.0
NONE	0.6486486486486487	0.6666666666666666	0.6575342465753425	36.0
accuracy	0.7451923076923077	0.7451923076923077	0.7451923076923077	0.7451923076923077
macro avg	0.7075284430577043	0.7154432020742182	0.7113194833289979	208.0
weighted avg	0.7474580509638074	0.7451923076923077	0.7461691195871996	208.0
