	precision	recall	f1-score	support
AGAINST	0.7659574468085106	0.5	0.6050420168067226	72.0
FAVOR	0.47619047619047616	0.625	0.5405405405405405	32.0
NONE	0.7777777777777778	0.8828828828828829	0.8270042194092827	111.0
accuracy	0.7162790697674418	0.7162790697674418	0.7162790697674418	0.7162790697674418
macro avg	0.6733085669255882	0.6692942942942942	0.6575289255855153	215.0
weighted avg	0.7289319290308899	0.7162790697674418	0.710036236566566	215.0
