	AGAINST	FAVOR	NONE	accuracy	macro avg	weighted avg
precision	0.38461538461538464	0.6694915254237288	0.6304347826086957	0.6384180790960452	0.5615138975492697	0.6019064473906286
recall	0.14285714285714285	0.8681318681318682	0.5686274509803921	0.6384180790960452	0.5265388206564677	0.6384180790960452
f1-score	0.20833333333333331	0.7559808612440192	0.5979381443298969	0.6384180790960452	0.5207507796357498	0.6021512452016788
support	35.0	91.0	51.0	0.6384180790960452	177.0	177.0
