	precision	recall	f1-score	support
AGAINST	1.0	0.041666666666666664	0.07999999999999999	72.0
FAVOR	0.22784810126582278	0.5625	0.3243243243243243	32.0
NONE	0.7218045112781954	0.8648648648648649	0.7868852459016393	111.0
accuracy	0.5441860465116279	0.5441860465116279	0.5441860465116279	0.5441860465116279
macro avg	0.6498842041813394	0.4896771771771771	0.39706985674198786	215.0
weighted avg	0.741448558104121	0.5441860465116279	0.48131460778353646	215.0
