	AGAINST	FAVOR	NONE	accuracy	macro avg	weighted avg
precision	0.0	0.64	0.6346153846153846	0.6384180790960452	0.4248717948717949	0.5118948283355064
recall	0.0	0.8791208791208791	0.6470588235294118	0.6384180790960452	0.5087265675500969	0.6384180790960452
f1-score	0.0	0.7407407407407407	0.6407766990291263	0.6384180790960452	0.46050581325662227	0.5654633845078691
support	35.0	91.0	51.0	0.6384180790960452	177.0	177.0
