	precision	recall	f1-score	support
AGAINST	0.43434343434343436	0.8431372549019608	0.5733333333333334	51.0
FAVOR	0.8314606741573034	0.6115702479338843	0.7047619047619048	121.0
NONE	0.75	0.4166666666666667	0.5357142857142857	36.0
accuracy	0.6346153846153846	0.6346153846153846	0.6346153846153846	0.6346153846153846
macro avg	0.6719347028335793	0.6237913898341706	0.6046031746031746	208.0
weighted avg	0.7199916188680233	0.6346153846153846	0.6432783882783882	208.0
