	precision	recall	f1-score	support
AGAINST	0.7777777777777778	0.5833333333333334	0.6666666666666666	72.0
FAVOR	0.5609756097560976	0.71875	0.6301369863013699	32.0
NONE	0.8	0.8648648648648649	0.8311688311688312	111.0
accuracy	0.7488372093023256	0.7488372093023256	0.7488372093023256	0.7488372093023256
macro avg	0.7129177958446252	0.7223160660660661	0.709324161378956	215.0
weighted avg	0.7569824163357912	0.7488372093023256	0.7461587154482983	215.0
