	precision	recall	f1-score	support
AGAINST	0.6410256410256411	0.49019607843137253	0.5555555555555556	51.0
FAVOR	0.7448275862068966	0.8925619834710744	0.8120300751879699	121.0
NONE	0.8333333333333334	0.5555555555555556	0.6666666666666667	36.0
accuracy	0.7355769230769231	0.7355769230769231	0.7355769230769231	0.7355769230769231
macro avg	0.739728853521957	0.6461045391526675	0.6780840991367306	208.0
weighted avg	0.7346944501122221	0.7355769230769231	0.7239854443801812	208.0
