	precision	recall	f1-score	support
AGAINST	0.7777777777777778	0.4861111111111111	0.5982905982905984	72.0
FAVOR	0.4	0.6875	0.5057471264367817	32.0
NONE	0.8260869565217391	0.8558558558558559	0.8407079646017699	111.0
accuracy	0.7069767441860465	0.7069767441860465	0.7069767441860465	0.7069767441860465
macro avg	0.6679549114331723	0.676488988988989	0.6482485631097167	215.0
weighted avg	0.7464914054600607	0.7069767441860465	0.7096716985753327	215.0
