	AGAINST	FAVOR	NONE	accuracy	macro avg	weighted avg
precision	0.2857142857142857	0.6532258064516129	0.6086956521739131	0.6271186440677966	0.5158785814466039	0.56772331439529
recall	0.05714285714285714	0.8901098901098901	0.5490196078431373	0.6271186440677966	0.4987574516986282	0.6271186440677966
f1-score	0.09523809523809522	0.7534883720930232	0.577319587628866	0.6271186440677966	0.4753486849866615	0.5725653907506815
support	35.0	91.0	51.0	0.6271186440677966	177.0	177.0
