	precision	recall	f1-score	support
AGAINST	0.6896551724137931	0.7843137254901961	0.7339449541284404	51.0
FAVOR	0.8384615384615385	0.9008264462809917	0.8685258964143426	121.0
NONE	0.85	0.4722222222222222	0.6071428571428571	36.0
accuracy	0.7980769230769231	0.7980769230769231	0.7980769230769231	0.7980769230769231
macro avg	0.7927055702917772	0.7191207979978033	0.7365379025618801	208.0
weighted avg	0.8039724035911038	0.7980769230769231	0.7902883124222537	208.0
