	AGAINST	FAVOR	NONE	accuracy	macro avg	weighted avg
precision	0.46296296296296297	0.7586206896551724	0.6666666666666666	0.6497175141242938	0.6294167730949339	0.6736620704086124
recall	0.7142857142857143	0.7252747252747253	0.47058823529411764	0.6497175141242938	0.636716224951519	0.6497175141242938
f1-score	0.5617977528089888	0.7415730337078651	0.5517241379310345	0.6497175141242938	0.6183649748159629	0.6513220251424469
support	35.0	91.0	51.0	0.6497175141242938	177.0	177.0
