	precision	recall	f1-score	support
AGAINST	0.47058823529411764	0.1568627450980392	0.23529411764705882	51.0
FAVOR	0.6686390532544378	0.9338842975206612	0.7793103448275863	121.0
NONE	0.7727272727272727	0.4722222222222222	0.5862068965517242	36.0
accuracy	0.6634615384615384	0.6634615384615384	0.6634615384615384	0.6634615384615384
macro avg	0.6373181870919428	0.5209897549469743	0.5336037863421231	208.0
weighted avg	0.6380937849133115	0.6634615384615384	0.6125	208.0
