	precision	recall	f1-score	support
AGAINST	0.8666666666666667	0.3611111111111111	0.5098039215686274	72.0
FAVOR	0.6666666666666666	0.1875	0.29268292682926833	32.0
NONE	0.6022727272727273	0.954954954954955	0.7386759581881533	111.0
accuracy	0.641860465116279	0.641860465116279	0.641860465116279	0.641860465116279
macro avg	0.7118686868686869	0.5011886886886887	0.513720935528683	215.0
weighted avg	0.7003981677237492	0.641860465116279	0.595650080792385	215.0
