	AGAINST	FAVOR	NONE	accuracy	macro avg	weighted avg
precision	0.125	0.6504065040650406	0.6578947368421053	0.6045197740112994	0.47776708030238196	0.5486701889766444
recall	0.05714285714285714	0.8791208791208791	0.49019607843137253	0.6045197740112994	0.47548660489836964	0.6045197740112994
f1-score	0.0784313725490196	0.7476635514018691	0.5617977528089888	0.6045197740112994	0.4626308922532925	0.5617749525991199
support	35.0	91.0	51.0	0.6045197740112994	177.0	177.0
