	precision	recall	f1-score	support
AGAINST	0.8545454545454545	0.6527777777777778	0.7401574803149606	72.0
FAVOR	0.6666666666666666	0.625	0.6451612903225806	32.0
NONE	0.7692307692307693	0.9009009009009009	0.8298755186721991	111.0
accuracy	0.7767441860465116	0.7767441860465116	0.7767441860465116	0.7767441860465116
macro avg	0.7634809634809634	0.7262262262262262	0.73839809643658	215.0
weighted avg	0.7825359136987043	0.7767441860465116	0.7723380578865762	215.0
