	precision	recall	f1-score	support
AGAINST	0.828125	0.7361111111111112	0.7794117647058824	72.0
FAVOR	0.6071428571428571	0.53125	0.5666666666666667	32.0
NONE	0.7886178861788617	0.8738738738738738	0.8290598290598291	111.0
accuracy	0.7767441860465116	0.7767441860465116	0.7767441860465116	0.7767441860465116
macro avg	0.7412952477739063	0.713744994994995	0.7250460868107927	215.0
weighted avg	0.7748379385787213	0.7767441860465116	0.7733796345013857	215.0
