	precision	recall	f1-score	support
AGAINST	0.5308641975308642	0.8431372549019608	0.6515151515151516	51.0
FAVOR	0.8181818181818182	0.743801652892562	0.7792207792207793	121.0
NONE	0.7647058823529411	0.3611111111111111	0.490566037735849	36.0
accuracy	0.7019230769230769	0.7019230769230769	0.7019230769230769	0.7019230769230769
macro avg	0.7045839660218745	0.6493500063018779	0.6404339894905933	208.0
weighted avg	0.7384782973018267	0.7019230769230769	0.6979488671705654	208.0
