	precision	recall	f1-score	support
AGAINST	0.7236842105263158	0.7638888888888888	0.7432432432432431	72.0
FAVOR	0.5555555555555556	0.78125	0.6493506493506493	32.0
NONE	0.8829787234042553	0.7477477477477478	0.8097560975609756	111.0
accuracy	0.7581395348837209	0.7581395348837209	0.7581395348837209	0.7581395348837209
macro avg	0.7207394964953755	0.7642955455455455	0.734116663384956	215.0
weighted avg	0.7809008336443947	0.7581395348837209	0.7636077261488492	215.0
