	AGAINST	FAVOR	NONE	accuracy	macro avg	weighted avg
precision	0.42105263157894735	0.6846846846846847	0.75	0.6384180790960452	0.6185791054212108	0.6513737198393755
recall	0.45714285714285713	0.8351648351648352	0.4117647058823529	0.6384180790960452	0.5680241327300152	0.6384180790960452
f1-score	0.4383561643835617	0.7524752475247525	0.5316455696202532	0.6384180790960452	0.5741589938428557	0.6267324142870625
support	35.0	91.0	51.0	0.6384180790960452	177.0	177.0
