	precision	recall	f1-score	support
AGAINST	0.8571428571428571	0.5833333333333334	0.6942148760330579	72.0
FAVOR	0.6111111111111112	0.6875	0.6470588235294118	32.0
NONE	0.7615384615384615	0.8918918918918919	0.8215767634854771	111.0
accuracy	0.7581395348837209	0.7581395348837209	0.7581395348837209	0.7581395348837209
macro avg	0.7432641432641433	0.7209084084084084	0.7209501543493156	215.0
weighted avg	0.7711656302353976	0.7581395348837209	0.7529505775544619	215.0
