	precision	recall	f1-score	support
AGAINST	0.7049180327868853	0.8431372549019608	0.7678571428571429	51.0
FAVOR	0.8699186991869918	0.8842975206611571	0.8770491803278687	121.0
NONE	0.7916666666666666	0.5277777777777778	0.6333333333333333	36.0
accuracy	0.8125	0.8125	0.8125	0.8125
macro avg	0.7888344662135145	0.7517375177802985	0.7594132188394482	208.0
weighted avg	0.815918184008448	0.8125	0.8080945437758961	208.0
