	precision	recall	f1-score	support
AGAINST	0.75	0.2916666666666667	0.42	72.0
FAVOR	0.28888888888888886	0.8125	0.4262295081967213	32.0
NONE	0.8247422680412371	0.7207207207207207	0.7692307692307693	111.0
accuracy	0.5906976744186047	0.5906976744186047	0.5906976744186047	0.5906976744186047
macro avg	0.6212103856433753	0.6082957957957958	0.5384867591424968	215.0
weighted avg	0.7199573776605662	0.5906976744186047	0.6012277192879556	215.0
