	precision	recall	f1-score	support
AGAINST	0.6923076923076923	0.35294117647058826	0.4675324675324675	51.0
FAVOR	0.7172413793103448	0.859504132231405	0.7819548872180452	121.0
NONE	0.6756756756756757	0.6944444444444444	0.684931506849315	36.0
accuracy	0.7067307692307693	0.7067307692307693	0.7067307692307693	0.7067307692307693
macro avg	0.6950749157645708	0.6356299177154793	0.6448062871999426	208.0
weighted avg	0.7039337669642709	0.7067307692307693	0.6880684204043974	208.0
