	precision	recall	f1-score	support
AGAINST	0.7346938775510204	0.7058823529411765	0.7200000000000001	51.0
FAVOR	0.808	0.8347107438016529	0.8211382113821138	121.0
NONE	0.6470588235294118	0.6111111111111112	0.6285714285714287	36.0
accuracy	0.7644230769230769	0.7644230769230769	0.7644230769230769	0.7644230769230769
macro avg	0.7299175670268108	0.7172347359513136	0.7232365466511809	208.0
weighted avg	0.7621706990488503	0.7644230769230769	0.7630110336817655	208.0
