	precision	recall	f1-score	support
AGAINST	0.782608695652174	0.75	0.7659574468085107	72.0
FAVOR	0.6060606060606061	0.625	0.6153846153846154	32.0
NONE	0.8230088495575221	0.8378378378378378	0.8303571428571428	111.0
accuracy	0.7767441860465116	0.7767441860465116	0.7767441860465116	0.7767441860465116
macro avg	0.737226050423434	0.7376126126126126	0.7372330683500897	215.0
weighted avg	0.7771895245664225	0.7767441860465116	0.7767948219519223	215.0
