	precision	recall	f1-score	support
AGAINST	0.8125	0.5416666666666666	0.65	72.0
FAVOR	0.5121951219512195	0.65625	0.5753424657534246	32.0
NONE	0.753968253968254	0.8558558558558559	0.80168776371308	111.0
accuracy	0.7209302325581395	0.7209302325581395	0.7209302325581395	0.7209302325581395
macro avg	0.6928877919731579	0.6845908408408409	0.6756767431555016	215.0
weighted avg	0.7375847446182103	0.7209302325581395	0.7172013984942394	215.0
