	precision	recall	f1-score	support
AGAINST	0.6792452830188679	0.7058823529411765	0.6923076923076923	51.0
FAVOR	0.813953488372093	0.8677685950413223	0.84	121.0
NONE	0.7692307692307693	0.5555555555555556	0.6451612903225806	36.0
accuracy	0.7740384615384616	0.7740384615384616	0.7740384615384616	0.7740384615384616
macro avg	0.7541431802072434	0.7097355011793516	0.725822994210091	208.0
weighted avg	0.7731836020158327	0.7740384615384616	0.770064897881275	208.0
