	precision	recall	f1-score	support
AGAINST	0.6052631578947368	0.45098039215686275	0.5168539325842696	51.0
FAVOR	0.7430555555555556	0.8842975206611571	0.8075471698113208	121.0
NONE	0.6923076923076923	0.5	0.5806451612903226	36.0
accuracy	0.7115384615384616	0.7115384615384616	0.7115384615384616	0.7115384615384616
macro avg	0.6802088019193283	0.6117593042726733	0.6350154212286377	208.0
weighted avg	0.7004866355669747	0.7115384615384616	0.6969999226702845	208.0
