	precision	recall	f1-score	support
AGAINST	0.0	0.0	0.0	51.0
FAVOR	0.6626506024096386	0.9090909090909091	0.7665505226480838	121.0
NONE	0.6190476190476191	0.7222222222222222	0.6666666666666666	36.0
accuracy	0.6538461538461539	0.6538461538461539	0.6538461538461539	0.6538461538461539
macro avg	0.42723274048575255	0.5437710437710438	0.4777390631049168	208.0
weighted avg	0.4926271018138487	0.6538461538461539	0.5613106405789334	208.0
