	precision	recall	f1-score	support
AGAINST	1.0	0.013888888888888888	0.0273972602739726	72.0
FAVOR	0.3076923076923077	0.5	0.380952380952381	32.0
NONE	0.6111111111111112	0.8918918918918919	0.7252747252747254	111.0
accuracy	0.5395348837209303	0.5395348837209303	0.5395348837209303	0.5395348837209303
macro avg	0.6396011396011396	0.4685935935935936	0.377874788833693	215.0
weighted avg	0.6961836612999404	0.5395348837209303	0.4403189462125429	215.0
