	AGAINST	FAVOR	NONE	accuracy	macro avg	weighted avg
precision	0.0	0.6578947368421053	0.5555555555555556	0.6214689265536724	0.4044834307992203	0.49831499653087524
recall	0.0	0.8241758241758241	0.6862745098039216	0.6214689265536724	0.5034834446599152	0.6214689265536724
f1-score	0.0	0.7317073170731707	0.6140350877192983	0.6214689265536724	0.44858080159748964	0.5531138719058911
support	35.0	91.0	51.0	0.6214689265536724	177.0	177.0
