	precision	recall	f1-score	support
AGAINST	0.6779661016949152	0.7843137254901961	0.7272727272727273	51.0
FAVOR	0.816	0.8429752066115702	0.8292682926829268	121.0
NONE	0.75	0.5	0.6	36.0
accuracy	0.7692307692307693	0.7692307692307693	0.7692307692307693	0.7692307692307693
macro avg	0.7479887005649717	0.7090963107005889	0.7188470066518847	208.0
weighted avg	0.7707320730117341	0.7692307692307693	0.7645787139689578	208.0
