	AGAINST	FAVOR	NONE	accuracy	macro avg	weighted avg
precision	0.4634146341463415	0.7340425531914894	0.6904761904761905	0.6610169491525424	0.6293111259380071	0.6679755381346508
recall	0.5428571428571428	0.7582417582417582	0.5686274509803921	0.6610169491525424	0.6232421173597643	0.6610169491525424
f1-score	0.5	0.745945945945946	0.6236559139784946	0.6610169491525424	0.6232006199748135	0.6620764558982164
support	35.0	91.0	51.0	0.6610169491525424	177.0	177.0
