	precision	recall	f1-score	support
AGAINST	0.6521739130434783	0.5882352941176471	0.6185567010309279	51.0
FAVOR	0.7622377622377622	0.9008264462809917	0.8257575757575757	121.0
NONE	0.8421052631578947	0.4444444444444444	0.5818181818181818	36.0
accuracy	0.7451923076923077	0.7451923076923077	0.7451923076923077	0.7451923076923077
macro avg	0.7521723128130451	0.6445020616143611	0.6753774862022285	208.0
weighted avg	0.7490741743734174	0.7451923076923077	0.7327332354072044	208.0
