	AGAINST	FAVOR	NONE	accuracy	macro avg	weighted avg
precision	0.5	0.7682926829268293	0.5238095238095238	0.632768361581921	0.597367402245451	0.6447961574046733
recall	0.45714285714285713	0.6923076923076923	0.6470588235294118	0.632768361581921	0.598836457659987	0.632768361581921
f1-score	0.4776119402985075	0.7283236994219653	0.5789473684210527	0.632768361581921	0.5949610027138418	0.6357072900978546
support	35.0	91.0	51.0	0.632768361581921	177.0	177.0
