	precision	recall	f1-score	support
AGAINST	0.6551724137931034	0.7450980392156863	0.6972477064220184	51.0
FAVOR	0.8135593220338984	0.7933884297520661	0.8033472803347281	121.0
NONE	0.625	0.5555555555555556	0.5882352941176471	36.0
accuracy	0.7403846153846154	0.7403846153846154	0.7403846153846154	0.7403846153846154
macro avg	0.6979105786090006	0.6980140081744359	0.6962767602914646	208.0
weighted avg	0.7420888032189903	0.7403846153846154	0.7401015602704825	208.0
