	precision	recall	f1-score	support
AGAINST	0.5507246376811594	0.7450980392156863	0.6333333333333334	51.0
FAVOR	0.8130841121495327	0.71900826446281	0.763157894736842	121.0
NONE	0.6875	0.6111111111111112	0.6470588235294118	36.0
accuracy	0.7067307692307693	0.7067307692307693	0.7067307692307693	0.7067307692307693
macro avg	0.6837695832768974	0.6917391382632024	0.6811833505331957	208.0
weighted avg	0.7270198754415027	0.7067307692307693	0.7112318409145034	208.0
