	AGAINST	FAVOR	NONE	accuracy	macro avg	weighted avg
precision	0.56	0.7474747474747475	0.660377358490566	0.6949152542372882	0.6559507019884379	0.6853076118826039
recall	0.4	0.8131868131868132	0.6862745098039216	0.6949152542372882	0.633153774330245	0.6949152542372882
f1-score	0.4666666666666667	0.7789473684210526	0.6730769230769231	0.6949152542372882	0.6395636527215475	0.686691903596453
support	35.0	91.0	51.0	0.6949152542372882	177.0	177.0
