	overall_f1	dev_accuracy	fm_f1	fm_precision	fm_recall	saho_f1	saho_precision	saho_recall	sc_f1	sc_precision	sc_recall	fm_accuracy
0	0.27616772511672294		0.3678374908454751	0.3357104883420673	0.4431989063568011	0.11871345029239766	0.11716791979949875	0.13157894736842102	0.3419522342122961	0.11716791979949875	0.13157894736842102	0.5866228070175439
1												
2												
3												
4												
5												
6												
7												
8												
9												
