	overall_f1	dev_accuracy	fm_f1	fm_precision	fm_recall	saho_f1	saho_precision	saho_recall	sc_f1	sc_precision	sc_recall	fm_accuracy
0	0.32266382379833575		0.3911203854172732	0.3718215994531784	0.465016708437761	0.17101465785676315	0.2317355889724311	0.20087719298245615	0.40585642812097106	0.2317355889724311	0.20087719298245615	0.6041666666666666
1												
2												
3												
4												
5												
6												
7												
8												
9												
