	overall_f1	dev_accuracy	fm_f1	fm_precision	fm_recall	saho_f1	saho_precision	saho_recall	sc_f1	sc_precision	sc_recall	fm_accuracy
0	0.3078119690545686		0.3725376825812707	0.34052555631502995	0.4170625427204375	0.2150375939849624	0.3043859649122807	0.20657894736842106	0.33586063059747273	0.3043859649122807	0.20657894736842106	0.5800438596491229
1												
2												
3												
4												
5												
6												
7												
8												
9												
