	overall_f1	dev_accuracy	fm_f1	fm_precision	fm_recall	saho_f1	saho_precision	saho_recall	sc_f1	sc_precision	sc_recall	fm_accuracy
0	0.3928120868564082		0.4671344045305265	0.4614928200454516	0.5168337510442774	0.35912698412698413	0.40307017543859647	0.42192982456140354	0.352174871911714	0.40307017543859647	0.42192982456140354	0.5882675438596492
1												
2												
3												
4												
5												
6												
7												
8												
9												
