	precision	recall	f1-score	support
AGAINST	0.78	0.5416666666666666	0.6393442622950819	72.0
FAVOR	0.5121951219512195	0.65625	0.5753424657534246	32.0
NONE	0.7661290322580645	0.8558558558558559	0.8085106382978723	111.0
accuracy	0.7209302325581395	0.7209302325581395	0.7209302325581395	0.7209302325581395
macro avg	0.6861080514030947	0.6845908408408409	0.6743991221154596	215.0
weighted avg	0.7329793789910892	0.7209302325581395	0.7171554727461363	215.0
