	AGAINST	FAVOR	NONE	accuracy	macro avg	weighted avg
precision	0.48936170212765956	0.7634408602150538	0.6486486486486487	0.6666666666666666	0.633817070330454	0.6761686945486952
recall	0.6571428571428571	0.7802197802197802	0.47058823529411764	0.6666666666666666	0.6359836242189183	0.6666666666666666
f1-score	0.5609756097560975	0.7717391304347825	0.5454545454545454	0.6666666666666666	0.6260564285484751	0.6648620849107935
support	35.0	91.0	51.0	0.6666666666666666	177.0	177.0
