	precision	recall	f1-score	support
AGAINST	0.55	0.21568627450980393	0.30985915492957744	51.0
FAVOR	0.6746987951807228	0.9256198347107438	0.7804878048780487	121.0
NONE	0.7727272727272727	0.4722222222222222	0.5862068965517242	36.0
accuracy	0.6730769230769231	0.6730769230769231	0.6730769230769231	0.6730769230769231
macro avg	0.6658086893026652	0.5378427771475901	0.5588512854531168	208.0
weighted avg	0.6610900770915831	0.6730769230769231	0.6314677383053577	208.0
