	AGAINST	FAVOR	NONE	accuracy	macro avg	weighted avg
precision	0.42857142857142855	0.6532258064516129	0.6410256410256411	0.632768361581921	0.5742742920162275	0.605287322482511
recall	0.17142857142857143	0.8901098901098901	0.49019607843137253	0.632768361581921	0.5172448466566114	0.632768361581921
f1-score	0.24489795918367346	0.7534883720930232	0.5555555555555556	0.632768361581921	0.5179806289440841	0.5958881568656894
support	35.0	91.0	51.0	0.632768361581921	177.0	177.0
