	precision	recall	f1-score	support
AGAINST	0.6851851851851852	0.7254901960784313	0.7047619047619048	51.0
FAVOR	0.828125	0.8760330578512396	0.8514056224899599	121.0
NONE	0.7692307692307693	0.5555555555555556	0.6451612903225806	36.0
accuracy	0.7836538461538461	0.7836538461538461	0.7836538461538461	0.7836538461538461
macro avg	0.7608469848053181	0.7190262698284089	0.733776272524815	208.0
weighted avg	0.7828840246959238	0.7836538461538461	0.7797535765180539	208.0
