	precision	recall	f1-score	support
AGAINST	0.7936507936507936	0.6944444444444444	0.7407407407407406	72.0
FAVOR	0.5384615384615384	0.65625	0.5915492957746479	32.0
NONE	0.831858407079646	0.8468468468468469	0.8392857142857143	111.0
accuracy	0.7674418604651163	0.7674418604651163	0.7674418604651163	0.7674418604651163
macro avg	0.7213235797306593	0.7325137637637638	0.7238585836003676	215.0
weighted avg	0.7753949281835677	0.7674418604651163	0.769412209692262	215.0
