	precision	recall	f1-score	support
AGAINST	0.7101449275362319	0.9607843137254902	0.8166666666666667	51.0
FAVOR	0.8990825688073395	0.8099173553719008	0.8521739130434783	121.0
NONE	0.6333333333333333	0.5277777777777778	0.5757575757575758	36.0
accuracy	0.7980769230769231	0.7980769230769231	0.7980769230769231	0.7980769230769231
macro avg	0.7475202765589682	0.7661598156250563	0.7481993851559069	208.0
weighted avg	0.8067614525482495	0.7980769230769231	0.7956265202189114	208.0
