	precision	recall	f1-score	support
AGAINST	0.6585365853658537	0.5294117647058824	0.5869565217391304	51.0
FAVOR	0.7692307692307693	0.9090909090909091	0.8333333333333333	121.0
NONE	0.8333333333333334	0.5555555555555556	0.6666666666666667	36.0
accuracy	0.7548076923076923	0.7548076923076923	0.7548076923076923	0.7548076923076923
macro avg	0.7537002293099855	0.6646860764507824	0.6956521739130435	208.0
weighted avg	0.753184081397027	0.7548076923076923	0.7440774804905239	208.0
