	precision	recall	f1-score	support
AGAINST	0.7647058823529411	0.7222222222222222	0.7428571428571428	72.0
FAVOR	0.5675675675675675	0.65625	0.6086956521739131	32.0
NONE	0.8454545454545455	0.8378378378378378	0.841628959276018	111.0
accuracy	0.772093023255814	0.772093023255814	0.772093023255814	0.772093023255814
macro avg	0.7259093317916848	0.73877002002002	0.7310605847690246	215.0
weighted avg	0.7770532104047836	0.772093023255814	0.7738827424879884	215.0
