	precision	recall	f1-score	support
AGAINST	0.59375	0.7450980392156863	0.6608695652173913	51.0
FAVOR	0.8411214953271028	0.743801652892562	0.7894736842105263	121.0
NONE	0.5945945945945946	0.6111111111111112	0.6027397260273972	36.0
accuracy	0.7211538461538461	0.7211538461538461	0.7211538461538461	0.7211538461538461
macro avg	0.6764886966405658	0.7000036010731199	0.6843609918184382	208.0
weighted avg	0.7377997900960811	0.7211538461538461	0.7256216045795527	208.0
