	precision	recall	f1-score	support
AGAINST	0.6666666666666666	0.9411764705882353	0.7804878048780487	51.0
FAVOR	0.9	0.743801652892562	0.8144796380090498	121.0
NONE	0.6111111111111112	0.6111111111111112	0.6111111111111112	36.0
accuracy	0.7692307692307693	0.7692307692307693	0.7692307692307693	0.7692307692307693
macro avg	0.725925925925926	0.7653630781973028	0.7353595179994032	208.0
weighted avg	0.7927884615384616	0.7692307692307693	0.7709467031147862	208.0
