	AGAINST	FAVOR	NONE	accuracy	macro avg	weighted avg
precision	0.4666666666666667	0.8142857142857143	0.532258064516129	0.6271186440677966	0.6044034818228367	0.6642852803596379
recall	0.6	0.6263736263736264	0.6470588235294118	0.6271186440677966	0.6244774833010127	0.6271186440677966
f1-score	0.5249999999999999	0.7080745341614908	0.5840707964601771	0.6271186440677966	0.6057151102072226	0.6361434645659022
support	35.0	91.0	51.0	0.6271186440677966	177.0	177.0
