	precision	recall	f1-score	support
AGAINST	0.5263157894736842	0.19607843137254902	0.2857142857142857	51.0
FAVOR	0.6787878787878788	0.9256198347107438	0.7832167832167833	121.0
NONE	0.7083333333333334	0.4722222222222222	0.5666666666666667	36.0
accuracy	0.6682692307692307	0.6682692307692307	0.6682692307692307	0.6682692307692307
macro avg	0.6378123338649654	0.5313068294351716	0.5451992451992452	208.0
weighted avg	0.6465165317139002	0.6682692307692307	0.6237531699070161	208.0
