	precision	recall	f1-score	support
AGAINST	0.7719298245614035	0.6111111111111112	0.6821705426356589	72.0
FAVOR	0.5227272727272727	0.71875	0.6052631578947368	32.0
NONE	0.7982456140350878	0.8198198198198198	0.8088888888888889	111.0
accuracy	0.7348837209302326	0.7348837209302326	0.7348837209302326	0.7348837209302326
macro avg	0.6976342371079213	0.7165603103103103	0.6987741964730949	215.0
weighted avg	0.7484255035050629	0.7348837209302326	0.7361458920421659	215.0
