	precision	recall	f1-score	support
AGAINST	0.7555555555555555	0.4722222222222222	0.5811965811965811	72.0
FAVOR	0.3673469387755102	0.5625	0.4444444444444445	32.0
NONE	0.7851239669421488	0.8558558558558559	0.8189655172413794	111.0
accuracy	0.6837209302325581	0.6837209302325581	0.6837209302325581	0.6837209302325581
macro avg	0.6360088204244049	0.6301926926926927	0.6148688476274683	215.0
weighted avg	0.7130412203320691	0.6837209302325581	0.683597899917066	215.0
