	AGAINST	FAVOR	NONE	accuracy	macro avg	weighted avg
precision	0.35294117647058826	0.6456692913385826	0.7878787878787878	0.6440677966101694	0.5954964185626529	0.6287608184751401
recall	0.17142857142857143	0.9010989010989011	0.5098039215686274	0.6440677966101694	0.5274437980320333	0.6440677966101694
f1-score	0.23076923076923078	0.7522935779816514	0.6190476190476191	0.6440677966101694	0.534036809266167	0.6107743912128922
support	35.0	91.0	51.0	0.6440677966101694	177.0	177.0
