	precision	recall	f1-score	support
AGAINST	0.6271186440677966	0.7254901960784313	0.6727272727272727	51.0
FAVOR	0.8188976377952756	0.859504132231405	0.8387096774193549	121.0
NONE	0.8181818181818182	0.5	0.6206896551724137	36.0
accuracy	0.7644230769230769	0.7644230769230769	0.7644230769230769	0.7644230769230769
macro avg	0.7547327000149635	0.6949981094366121	0.7107088684396805	208.0
weighted avg	0.771751011900151	0.7644230769230769	0.7602778339569218	208.0
