	precision	recall	f1-score	support
AGAINST	0.6133333333333333	0.9019607843137255	0.7301587301587301	51.0
FAVOR	0.875	0.8099173553719008	0.8412017167381973	121.0
NONE	0.8095238095238095	0.4722222222222222	0.5964912280701755	36.0
accuracy	0.7740384615384616	0.7740384615384616	0.7740384615384616	0.7740384615384616
macro avg	0.7659523809523808	0.7280334539692829	0.7226172249890342	208.0
weighted avg	0.7995089285714285	0.7740384615384616	0.7716210921824204	208.0
