	precision	recall	f1-score	support
AGAINST	0.8181818181818182	0.75	0.7826086956521738	72.0
FAVOR	0.5666666666666667	0.53125	0.5483870967741935	32.0
NONE	0.7983193277310925	0.8558558558558559	0.8260869565217392	111.0
accuracy	0.772093023255814	0.772093023255814	0.772093023255814	0.772093023255814
macro avg	0.7277226041931923	0.7123686186186187	0.7190275829827022	215.0
weighted avg	0.7704924168398861	0.772093023255814	0.7701947225936919	215.0
