	precision	recall	f1-score	support
AGAINST	0.8032786885245902	0.6805555555555556	0.7368421052631579	72.0
FAVOR	0.5405405405405406	0.625	0.5797101449275363	32.0
NONE	0.7948717948717948	0.8378378378378378	0.8157894736842105	111.0
accuracy	0.7534883720930232	0.7534883720930232	0.7534883720930232	0.7534883720930232
macro avg	0.7128970079789752	0.7144644644644645	0.7107805746249682	215.0
weighted avg	0.7598331725666838	0.7534883720930232	0.7542138967236088	215.0
