	AGAINST	FAVOR	NONE	accuracy	macro avg	weighted avg
precision	0.42105263157894735	0.7608695652173914	0.6170212765957447	0.6497175141242938	0.5996478244640278	0.6522263143866031
recall	0.45714285714285713	0.7692307692307693	0.5686274509803921	0.6497175141242938	0.5983336924513395	0.6497175141242938
f1-score	0.4383561643835617	0.7650273224043715	0.5918367346938775	0.6497175141242938	0.5984067404939369	0.650528957975199
support	35.0	91.0	51.0	0.6497175141242938	177.0	177.0
