	precision	recall	f1-score	support
0	0.7192982456140351	0.7784810126582279	0.7477203647416413	158.0
1	0.8055555555555556	0.8319672131147541	0.8185483870967741	244.0
2	0.7853107344632768	0.702020202020202	0.7413333333333334	198.0
accuracy	0.775	0.775	0.775	0.775
macro avg	0.7700548452109558	0.7708228092643946	0.7692006950572496	600.0
weighted avg	0.7761603396438365	0.775	0.7744160401346537	600.0
