	precision	recall	f1-score	support
AGAINST	0.5204081632653061	1.0	0.6845637583892618	51.0
FAVOR	0.9195402298850575	0.6611570247933884	0.7692307692307692	121.0
NONE	0.782608695652174	0.5	0.6101694915254238	36.0
accuracy	0.7163461538461539	0.7163461538461539	0.7163461538461539	0.7163461538461539
macro avg	0.7408523629341791	0.7203856749311295	0.6879880063818183	208.0
weighted avg	0.7979764287793307	0.7163461538461539	0.7209412329312053	208.0
