	precision	recall	f1-score	support
AGAINST	0.7777777777777778	0.875	0.823529411764706	72.0
FAVOR	0.7307692307692307	0.59375	0.6551724137931033	32.0
NONE	0.8888888888888888	0.8648648648648649	0.8767123287671232	111.0
accuracy	0.827906976744186	0.827906976744186	0.827906976744186	0.827906976744186
macro avg	0.7991452991452991	0.7778716216216216	0.7851380514416442	215.0
weighted avg	0.8281454979129398	0.827906976744186	0.8259288529376223	215.0
