	precision	recall	f1-score	support
AGAINST	0.82	0.5694444444444444	0.6721311475409835	72.0
FAVOR	0.46	0.71875	0.5609756097560976	32.0
NONE	0.8173913043478261	0.8468468468468469	0.8318584070796462	111.0
accuracy	0.7348837209302326	0.7348837209302326	0.7348837209302326	0.7348837209302326
macro avg	0.6991304347826087	0.7116804304304304	0.6883217214589091	215.0
weighted avg	0.7650717896865521	0.7348837209302326	0.7380509084697054	215.0
