	precision	recall	f1-score	support
AGAINST	0.717391304347826	0.6470588235294118	0.6804123711340206	51.0
FAVOR	0.7803030303030303	0.8512396694214877	0.8142292490118578	121.0
NONE	0.6666666666666666	0.5555555555555556	0.606060606060606	36.0
accuracy	0.75	0.75	0.75	0.75
macro avg	0.721453667105841	0.6846180161688183	0.7002340754021614	208.0
weighted avg	0.7452097268673354	0.75	0.7453891917137099	208.0
