	precision	recall	f1-score	support
AGAINST	0.7777777777777778	0.5833333333333334	0.6666666666666666	72.0
FAVOR	0.4423076923076923	0.71875	0.5476190476190477	32.0
NONE	0.8073394495412844	0.7927927927927928	0.8	111.0
accuracy	0.7116279069767442	0.7116279069767442	0.7116279069767442	0.7116279069767442
macro avg	0.6758083065422515	0.6982920420420421	0.6714285714285714	215.0
weighted avg	0.7431094188508314	0.7116279069767442	0.7177851605758583	215.0
