	precision	recall	f1-score	support
AGAINST	0.7906976744186046	0.6666666666666666	0.7234042553191489	51.0
FAVOR	0.8648648648648649	0.7933884297520661	0.8275862068965518	121.0
NONE	0.4074074074074074	0.6111111111111112	0.4888888888888889	36.0
accuracy	0.7307692307692307	0.7307692307692307	0.7307692307692307	0.7307692307692307
macro avg	0.687656648896959	0.6903887358432813	0.6799597837015298	208.0
weighted avg	0.7675043111089622	0.7307692307692307	0.7434209041142277	208.0
