	precision	recall	f1-score	support
AGAINST	0.8909090909090909	0.6805555555555556	0.7716535433070867	72.0
FAVOR	0.64	0.5	0.5614035087719298	32.0
NONE	0.7555555555555555	0.918918918918919	0.8292682926829269	111.0
accuracy	0.7767441860465116	0.7767441860465116	0.7767441860465116	0.7767441860465116
macro avg	0.7621548821548821	0.6998248248248249	0.7207751149206478	215.0
weighted avg	0.7836842847075406	0.7767441860465116	0.7701058041237995	215.0
