	AGAINST	FAVOR	NONE	accuracy	macro avg	weighted avg
precision	0.3953488372093023	0.8115942028985508	0.5384615384615384	0.6101694915254238	0.5818015261897972	0.6505865549583738
recall	0.4857142857142857	0.6153846153846154	0.6862745098039216	0.6101694915254238	0.5957911369676075	0.6101694915254238
f1-score	0.43589743589743585	0.7000000000000001	0.6034482758620688	0.6101694915254238	0.579781903919835	0.6199563408213321
support	35.0	91.0	51.0	0.6101694915254238	177.0	177.0
