	precision	recall	f1-score	support
AGAINST	0.76	0.7916666666666666	0.7755102040816326	72.0
FAVOR	0.5675675675675675	0.65625	0.6086956521739131	32.0
NONE	0.9029126213592233	0.8378378378378378	0.869158878504673	111.0
accuracy	0.7953488372093023	0.7953488372093023	0.7953488372093023	0.7953488372093023
macro avg	0.7434933963089302	0.761918168168168	0.7511215782534063	215.0
weighted avg	0.8051416889908649	0.7953488372093023	0.7990308422207509	215.0
