	precision	recall	f1-score	support
AGAINST	0.0	0.0	0.0	51.0
FAVOR	0.6607142857142857	0.9173553719008265	0.7681660899653978	121.0
NONE	0.6666666666666666	0.7222222222222222	0.6933333333333334	36.0
accuracy	0.6586538461538461	0.6586538461538461	0.6586538461538461	0.6586538461538461
macro avg	0.44246031746031744	0.5465258647076828	0.48716647443291033	208.0
weighted avg	0.49974244505494503	0.6586538461538461	0.5668658504125632	208.0
