	precision	recall	f1-score	support
AGAINST	0.5	0.041666666666666664	0.07692307692307693	72.0
FAVOR	0.32142857142857145	0.28125	0.30000000000000004	32.0
NONE	0.574585635359116	0.9369369369369369	0.7123287671232875	111.0
accuracy	0.5395348837209303	0.5395348837209303	0.5395348837209303	0.5395348837209303
macro avg	0.4653380689292292	0.4199512012012012	0.36308394801545485	215.0
weighted avg	0.511928929351517	0.5395348837209303	0.4381718822750998	215.0
