	AGAINST	FAVOR	NONE	accuracy	macro avg	weighted avg
precision	0.0	0.6341463414634146	0.42105263157894735	0.519774011299435	0.3517329910141207	0.44735028973840135
recall	0.0	0.5714285714285714	0.7843137254901961	0.519774011299435	0.4519140989729225	0.519774011299435
f1-score	0.0	0.6011560693641619	0.5479452054794521	0.519774011299435	0.3830337582812047	0.4669514564496655
support	35.0	91.0	51.0	0.519774011299435	177.0	177.0
