	precision	recall	f1-score	support
AGAINST	0.8775510204081632	0.5972222222222222	0.7107438016528925	72.0
FAVOR	0.6486486486486487	0.75	0.6956521739130435	32.0
NONE	0.7596899224806202	0.8828828828828829	0.8166666666666668	111.0
accuracy	0.7674418604651163	0.7674418604651163	0.7674418604651163	0.7674418604651163
macro avg	0.761963197179144	0.7433683683683684	0.7410208807442009	215.0
weighted avg	0.7826326121929924	0.7674418604651163	0.7631833641126775	215.0
