	precision	recall	f1-score	support
AGAINST	0.8285714285714286	0.8055555555555556	0.8169014084507044	72.0
FAVOR	0.5882352941176471	0.625	0.6060606060606061	32.0
NONE	0.8558558558558559	0.8558558558558559	0.8558558558558559	111.0
accuracy	0.8046511627906977	0.8046511627906977	0.8046511627906977	0.8046511627906977
macro avg	0.7575541928483105	0.7621371371371372	0.7596059567890555	215.0
weighted avg	0.8068868477623607	0.8046511627906977	0.8056318176855355	215.0
