	AGAINST	FAVOR	NONE	accuracy	macro avg	weighted avg
precision	0.4722222222222222	0.75	0.6222222222222222	0.6610169491525424	0.6148148148148148	0.658254865034526
recall	0.4857142857142857	0.7912087912087912	0.5490196078431373	0.6610169491525424	0.608647561588738	0.6610169491525424
f1-score	0.47887323943661975	0.770053475935829	0.5833333333333334	0.6610169491525424	0.6107533495685941	0.6586747440137973
support	35.0	91.0	51.0	0.6610169491525424	177.0	177.0
