	precision	recall	f1-score	support
AGAINST	0.6481481481481481	0.6862745098039216	0.6666666666666666	51.0
FAVOR	0.7906976744186046	0.8429752066115702	0.816	121.0
NONE	0.68	0.4722222222222222	0.5573770491803278	36.0
accuracy	0.7403846153846154	0.7403846153846154	0.7403846153846154	0.7403846153846154
macro avg	0.7062819408555843	0.6671573128792381	0.6800145719489982	208.0
weighted avg	0.7365864142317631	0.7403846153846154	0.734622950819672	208.0
