	precision	recall	f1-score	support
AGAINST	0.8214285714285714	0.6388888888888888	0.7187499999999999	72.0
FAVOR	0.5	0.5625	0.5294117647058824	32.0
NONE	0.7804878048780488	0.8648648648648649	0.8205128205128206	111.0
accuracy	0.7441860465116279	0.7441860465116279	0.7441860465116279	0.7441860465116279
macro avg	0.7006387921022067	0.6887512512512513	0.689558195072901	215.0
weighted avg	0.7524511789968399	0.7441860465116279	0.7431074397558667	215.0
