	AGAINST	FAVOR	NONE	accuracy	macro avg	weighted avg
precision	0.4	0.7684210526315789	0.6382978723404256	0.6610169491525424	0.6022396416573349	0.6580763123098043
recall	0.4	0.8021978021978022	0.5882352941176471	0.6610169491525424	0.5968110321051499	0.6610169491525424
f1-score	0.4000000000000001	0.7849462365591398	0.6122448979591838	0.6610169491525424	0.5990637115061079	0.6590655215977406
support	35.0	91.0	51.0	0.6610169491525424	177.0	177.0
