	precision	recall	f1-score	support
AGAINST	0.6428571428571429	0.7058823529411765	0.6728971962616823	51.0
FAVOR	0.7923076923076923	0.8512396694214877	0.8207171314741036	121.0
NONE	0.7272727272727273	0.4444444444444444	0.5517241379310345	36.0
accuracy	0.7451923076923077	0.7451923076923077	0.7451923076923077	0.7451923076923077
macro avg	0.7208125208125208	0.6671888222690363	0.6817794885556069	208.0
weighted avg	0.7444075155613616	0.7451923076923077	0.7379163407847575	208.0
