	precision	recall	f1-score	support
AGAINST	0.7678571428571429	0.5972222222222222	0.671875	72.0
FAVOR	0.52	0.8125	0.6341463414634146	32.0
NONE	0.8348623853211009	0.8198198198198198	0.8272727272727273	111.0
accuracy	0.7441860465116279	0.7441860465116279	0.7441860465116279	0.7441860465116279
macro avg	0.7075731760594146	0.7431806806806808	0.7110980229120473	215.0
weighted avg	0.7655601816574721	0.7441860465116279	0.7464881658330326	215.0
