	precision	recall	f1-score	support
AGAINST	0.7746478873239436	0.7638888888888888	0.7692307692307692	72.0
FAVOR	0.5714285714285714	0.625	0.5970149253731343	32.0
NONE	0.8440366972477065	0.8288288288288288	0.8363636363636363	111.0
accuracy	0.7767441860465116	0.7767441860465116	0.7767441860465116	0.7767441860465116
macro avg	0.7300377186667406	0.7392392392392392	0.7342031103225133	215.0
weighted avg	0.7802252817094588	0.7767441860465116	0.7782579378275317	215.0
