	precision	recall	f1-score	support
AGAINST	0.803921568627451	0.5694444444444444	0.6666666666666666	72.0
FAVOR	0.5151515151515151	0.53125	0.5230769230769231	32.0
NONE	0.7175572519083969	0.8468468468468469	0.7768595041322315	111.0
accuracy	0.7069767441860465	0.7069767441860465	0.7069767441860465	0.7069767441860465
macro avg	0.6788767785624543	0.6491804304304304	0.6555343646252737	215.0
weighted avg	0.7163537506411954	0.7069767441860465	0.7021854255680895	215.0
