	AGAINST	FAVOR	NONE	accuracy	macro avg	weighted avg
precision	0.4444444444444444	0.7142857142857143	0.6346153846153846	0.6497175141242938	0.5977818477818477	0.6379714133951422
recall	0.34285714285714286	0.7692307692307693	0.6470588235294118	0.6497175141242938	0.5863822452057746	0.6497175141242938
f1-score	0.3870967741935484	0.7407407407407408	0.6407766990291263	0.6497175141242938	0.5895380713211384	0.64200794437665
support	35.0	91.0	51.0	0.6497175141242938	177.0	177.0
