	precision	recall	f1-score	support
AGAINST	0.9	0.17647058823529413	0.2950819672131148	51.0
FAVOR	0.6923076923076923	0.9669421487603306	0.806896551724138	121.0
NONE	0.7931034482758621	0.6388888888888888	0.7076923076923076	36.0
accuracy	0.7163461538461539	0.7163461538461539	0.7163461538461539	0.7163461538461539
macro avg	0.7951370468611848	0.5941005419615045	0.6032236088765202	208.0
weighted avg	0.7606776678228934	0.7163461538461539	0.6642335873240992	208.0
