	precision	recall	f1-score	support
AGAINST	0.8181818181818182	0.35294117647058826	0.49315068493150693	51.0
FAVOR	0.7006369426751592	0.9090909090909091	0.7913669064748201	121.0
NONE	0.6551724137931034	0.5277777777777778	0.5846153846153845	36.0
accuracy	0.7067307692307693	0.7067307692307693	0.7067307692307693	0.7067307692307693
macro avg	0.7246637248833604	0.5966032877797584	0.6230443253405705	208.0
weighted avg	0.7215891811899938	0.7067307692307693	0.6824626656784323	208.0
