	precision	recall	f1-score	support
AGAINST	0.7857142857142857	0.3055555555555556	0.43999999999999995	72.0
FAVOR	0.3620689655172414	0.65625	0.46666666666666673	32.0
NONE	0.7596899224806202	0.8828828828828829	0.8166666666666668	111.0
accuracy	0.6558139534883721	0.6558139534883721	0.6558139534883721	0.6558139534883721
macro avg	0.6358243912373824	0.6148961461461462	0.5744444444444445	215.0
weighted avg	0.7092242644806006	0.6558139534883721	0.6384341085271317	215.0
