	AGAINST	FAVOR	NONE	accuracy	macro avg	weighted avg
precision	0.42857142857142855	0.672	0.6888888888888889	0.6666666666666666	0.5964867724867725	0.6287306967984935
recall	0.08571428571428572	0.9230769230769231	0.6078431372549019	0.6666666666666666	0.5388781153487036	0.6666666666666666
f1-score	0.14285714285714285	0.7777777777777778	0.6458333333333334	0.6666666666666666	0.5221560846560847	0.6142106089139988
support	35.0	91.0	51.0	0.6666666666666666	177.0	177.0
