	precision	recall	f1-score	support
AGAINST	0.625	0.39215686274509803	0.4819277108433735	51.0
FAVOR	0.7236842105263158	0.9090909090909091	0.8058608058608059	121.0
NONE	0.75	0.5	0.6	36.0
accuracy	0.7115384615384616	0.7115384615384616	0.7115384615384616	0.7115384615384616
macro avg	0.6995614035087719	0.6004159239453357	0.6292628389013931	208.0
weighted avg	0.7040422570850203	0.7115384615384616	0.690805147895046	208.0
