	precision	recall	f1-score	support
AGAINST	0.6451612903225806	0.7843137254901961	0.7079646017699115	51.0
FAVOR	0.8114754098360656	0.8181818181818182	0.8148148148148149	121.0
NONE	0.7083333333333334	0.4722222222222222	0.5666666666666667	36.0
accuracy	0.75	0.75	0.75	0.75
macro avg	0.7216566778306599	0.6915725886314122	0.6964820277504643	208.0
weighted avg	0.7528449538298824	0.75	0.7456672465522024	208.0
