	precision	recall	f1-score	support
AGAINST	0.7272727272727273	0.5555555555555556	0.6299212598425198	72.0
FAVOR	0.4594594594594595	0.53125	0.4927536231884059	32.0
NONE	0.7804878048780488	0.8648648648648649	0.8205128205128206	111.0
accuracy	0.7116279069767442	0.7116279069767442	0.7116279069767442	0.7116279069767442
macro avg	0.6557399972034118	0.6505568068068068	0.6477292345145821	215.0
weighted avg	0.7148859786409418	0.7116279069767442	0.7079040452447138	215.0
