	precision	recall	f1-score	support
AGAINST	0.765625	0.6805555555555556	0.7205882352941176	72.0
FAVOR	0.5263157894736842	0.625	0.5714285714285714	32.0
NONE	0.8230088495575221	0.8378378378378378	0.8303571428571428	111.0
accuracy	0.7534883720930232	0.7534883720930232	0.7534883720930232	0.7534883720930232
macro avg	0.704983213010402	0.7144644644644645	0.7074579831932772	215.0
weighted avg	0.7596329654141527	0.7534883720930232	0.7550591166699238	215.0
