	AGAINST	FAVOR	NONE	accuracy	macro avg	weighted avg
precision	0.40625	0.6542056074766355	0.6842105263157895	0.615819209039548	0.5815553779308082	0.6138203227258706
recall	0.37142857142857144	0.7692307692307693	0.5098039215686274	0.615819209039548	0.550154420742656	0.615819209039548
f1-score	0.3880597014925374	0.7070707070707071	0.5842696629213484	0.615819209039548	0.5598000238281976	0.608606083077186
support	35.0	91.0	51.0	0.615819209039548	177.0	177.0
