	precision	recall	f1-score	support
AGAINST	0.8382352941176471	0.7916666666666666	0.8142857142857143	72.0
FAVOR	0.6176470588235294	0.65625	0.6363636363636364	32.0
NONE	0.8230088495575221	0.8378378378378378	0.8303571428571428	111.0
accuracy	0.7953488372093023	0.7953488372093023	0.7953488372093023	0.7953488372093023
macro avg	0.7596304008328995	0.761918168168168	0.7603354978354978	215.0
weighted avg	0.797542462138179	0.7953488372093023	0.7961016309272123	215.0
