	AGAINST	FAVOR	NONE	accuracy	macro avg	weighted avg
precision	0.5	0.7575757575757576	0.6111111111111112	0.6666666666666666	0.622895622895623	0.6644410203732238
recall	0.6	0.8241758241758241	0.43137254901960786	0.6666666666666666	0.6185161243984773	0.6666666666666666
f1-score	0.5454545454545454	0.7894736842105263	0.5057471264367817	0.6666666666666666	0.6135584520339511	0.659469592103632
support	35.0	91.0	51.0	0.6666666666666666	177.0	177.0
