	precision	recall	f1-score	support
AGAINST	0.625	0.39215686274509803	0.4819277108433735	51.0
FAVOR	0.7357142857142858	0.8512396694214877	0.7892720306513411	121.0
NONE	0.6388888888888888	0.6388888888888888	0.6388888888888888	36.0
accuracy	0.7019230769230769	0.7019230769230769	0.7019230769230769	0.7019230769230769
macro avg	0.6665343915343915	0.6274284736851582	0.6366962101278678	208.0
weighted avg	0.6918097527472528	0.7019230769230769	0.687885716162617	208.0
