	AGAINST	FAVOR	NONE	accuracy	macro avg	weighted avg
precision	0.375	0.7	0.6229508196721312	0.6440677966101694	0.565983606557377	0.6135338519959247
recall	0.17142857142857143	0.7692307692307693	0.7450980392156863	0.6440677966101694	0.561919126625009	0.6440677966101694
f1-score	0.23529411764705876	0.7329842931937172	0.6785714285714286	0.6440677966101694	0.5489499464707349	0.6188926986181819
support	35.0	91.0	51.0	0.6440677966101694	177.0	177.0
