	AGAINST	FAVOR	NONE	accuracy	macro avg	weighted avg
precision	0.4888888888888889	0.7666666666666667	0.6428571428571429	0.6666666666666666	0.6328042328042328	0.6760649269123846
recall	0.6285714285714286	0.7582417582417582	0.5294117647058824	0.6666666666666666	0.6387416505063563	0.6666666666666666
f1-score	0.5499999999999999	0.7624309392265194	0.5806451612903226	0.6666666666666666	0.6310253668389473	0.6680458683357046
support	35.0	91.0	51.0	0.6666666666666666	177.0	177.0
