	precision	recall	f1-score	support
AGAINST	0.75	0.058823529411764705	0.10909090909090909	51.0
FAVOR	0.6894409937888198	0.9173553719008265	0.7872340425531916	121.0
NONE	0.5581395348837209	0.6666666666666666	0.6075949367088608	36.0
accuracy	0.6634615384615384	0.6634615384615384	0.6634615384615384	0.6634615384615384
macro avg	0.6658601762241804	0.5476151893264193	0.5013066294509873	208.0
weighted avg	0.6815643437704864	0.6634615384615384	0.5898671790100555	208.0
