	precision	recall	f1-score	support
AGAINST	0.9090909090909091	0.1388888888888889	0.24096385542168675	72.0
FAVOR	0.46153846153846156	0.375	0.41379310344827586	32.0
NONE	0.5955056179775281	0.954954954954955	0.7335640138408306	111.0
accuracy	0.5953488372093023	0.5953488372093023	0.5953488372093023	0.5953488372093023
macro avg	0.6553783295356329	0.4896146146146146	0.4627736575702644	215.0
weighted avg	0.6805809293920085	0.5953488372093023	0.5210064299397138	215.0
