	AGAINST	FAVOR	NONE	accuracy	macro avg	weighted avg
precision	0.42857142857142855	0.717948717948718	0.42391304347826086	0.5536723163841808	0.5234777299994691	0.5760050765577662
recall	0.08571428571428572	0.6153846153846154	0.7647058823529411	0.5536723163841808	0.48860159448394747	0.5536723163841808
f1-score	0.14285714285714285	0.6627218934911242	0.5454545454545455	0.5536723163841808	0.45034452726760427	0.5261348820670854
support	35.0	91.0	51.0	0.5536723163841808	177.0	177.0
