	precision	recall	f1-score	support
AGAINST	0.6056338028169014	0.8431372549019608	0.7049180327868853	51.0
FAVOR	0.8198198198198198	0.7520661157024794	0.7844827586206897	121.0
NONE	0.6153846153846154	0.4444444444444444	0.5161290322580646	36.0
accuracy	0.7211538461538461	0.7211538461538461	0.7211538461538461	0.7211538461538461
macro avg	0.6802794126737789	0.6798826050162949	0.6685099412218798	208.0
weighted avg	0.7319200398832035	0.7211538461538461	0.7185282626275237	208.0
