	precision	recall	f1-score	support
AGAINST	0.8135593220338984	0.6666666666666666	0.732824427480916	72.0
FAVOR	0.5625	0.5625	0.5625	32.0
NONE	0.7580645161290323	0.8468468468468469	0.7999999999999999	111.0
accuracy	0.7441860465116279	0.7441860465116279	0.7441860465116279	0.7441860465116279
macro avg	0.7113746127209769	0.6920045045045043	0.6984414758269719	215.0
weighted avg	0.74754154640355	0.7441860465116279	0.7421551571098882	215.0
