	AGAINST	FAVOR	NONE	accuracy	macro avg	weighted avg
precision	0.4318181818181818	0.7654320987654321	0.5961538461538461	0.632768361581921	0.5978013755791532	0.6506881553962534
recall	0.5428571428571428	0.6813186813186813	0.6078431372549019	0.632768361581921	0.6106729871435754	0.632768361581921
f1-score	0.4810126582278481	0.7209302325581395	0.6019417475728156	0.632768361581921	0.6012948794529344	0.6392040865931015
support	35.0	91.0	51.0	0.632768361581921	177.0	177.0
