	precision	recall	f1-score	support
AGAINST	0.589041095890411	0.8431372549019608	0.6935483870967742	51.0
FAVOR	0.8333333333333334	0.7851239669421488	0.8085106382978725	121.0
NONE	0.8571428571428571	0.5	0.631578947368421	36.0
accuracy	0.75	0.75	0.75	0.75
macro avg	0.7598390954555337	0.7094204072813698	0.7112126575876893	208.0
weighted avg	0.7775556350042652	0.75	0.7496999859675058	208.0
