	precision	recall	f1-score	support
AGAINST	0.7887323943661971	0.7777777777777778	0.7832167832167832	72.0
FAVOR	0.5675675675675675	0.65625	0.6086956521739131	32.0
NONE	0.8785046728971962	0.8468468468468469	0.8623853211009174	111.0
accuracy	0.7953488372093023	0.7953488372093023	0.7953488372093023	0.7953488372093023
macro avg	0.7449348782769869	0.7602915415415415	0.7514325854972045	215.0
weighted avg	0.8021623872005449	0.7953488372093023	0.7981146042017463	215.0
