	AGAINST	FAVOR	NONE	accuracy	macro avg	weighted avg
precision	0.5294117647058824	0.7307692307692307	0.717948717948718	0.6892655367231638	0.659376571141277	0.6872587366106808
recall	0.5142857142857142	0.8351648351648352	0.5490196078431373	0.6892655367231638	0.6328233857645623	0.6892655367231638
f1-score	0.5217391304347826	0.7794871794871795	0.6222222222222223	0.6892655367231638	0.6411495107147281	0.6832064193891755
support	35.0	91.0	51.0	0.6892655367231638	177.0	177.0
