	precision	recall	f1-score	support
AGAINST	0.6461538461538462	0.8235294117647058	0.7241379310344827	51.0
FAVOR	0.8425925925925926	0.7520661157024794	0.794759825327511	121.0
NONE	0.4857142857142857	0.4722222222222222	0.47887323943661975	36.0
accuracy	0.7211538461538461	0.7211538461538461	0.7211538461538461	0.7211538461538461
macro avg	0.6581535748202415	0.6826059165631359	0.6659236652662045	208.0
weighted avg	0.732659923765693	0.7211538461538461	0.7227712017649315	208.0
