	precision	recall	f1-score	support
AGAINST	0.7796610169491526	0.9019607843137255	0.8363636363636364	51.0
FAVOR	0.8709677419354839	0.8925619834710744	0.8816326530612245	121.0
NONE	0.72	0.5	0.5901639344262295	36.0
accuracy	0.8269230769230769	0.8269230769230769	0.8269230769230769	0.8269230769230769
macro avg	0.7902095862948788	0.7648409225949333	0.7693867412836969	208.0
weighted avg	0.8224510030701939	0.8269230769230769	0.820086529395663	208.0
