	precision	recall	f1-score	support
AGAINST	0.6290322580645161	0.7647058823529411	0.6902654867256637	51.0
FAVOR	0.8114754098360656	0.8181818181818182	0.8148148148148149	121.0
NONE	0.7083333333333334	0.4722222222222222	0.5666666666666667	36.0
accuracy	0.7451923076923077	0.7451923076923077	0.7451923076923077	0.7451923076923077
macro avg	0.7162803337446384	0.685036640918994	0.6905823227357151	208.0
weighted avg	0.7488902391896839	0.7451923076923077	0.7413275596903917	208.0
