	precision	recall	f1-score	support
AGAINST	0.7966101694915254	0.6527777777777778	0.7175572519083969	72.0
FAVOR	0.4878048780487805	0.625	0.547945205479452	32.0
NONE	0.8	0.8288288288288288	0.8141592920353983	111.0
accuracy	0.7395348837209302	0.7395348837209302	0.7395348837209302	0.7395348837209302
macro avg	0.6948050158467686	0.7022022022022022	0.6932205831410824	215.0
weighted avg	0.7523985502369805	0.7395348837209302	0.7421862796682617	215.0
