	precision	recall	f1-score	support
AGAINST	0.6885245901639344	0.8235294117647058	0.7499999999999999	51.0
FAVOR	0.9017857142857143	0.8347107438016529	0.8669527896995709	121.0
NONE	0.6857142857142857	0.6666666666666666	0.676056338028169	36.0
accuracy	0.8028846153846154	0.8028846153846154	0.8028846153846154	0.8028846153846154
macro avg	0.7586748633879781	0.7749689407443417	0.7643363759092466	208.0
weighted avg	0.8120987490992614	0.8028846153846154	0.8052370948204911	208.0
