	precision	recall	f1-score	support
AGAINST	0.8545454545454545	0.6527777777777778	0.7401574803149606	72.0
FAVOR	0.59375	0.59375	0.59375	32.0
NONE	0.7734375	0.8918918918918919	0.8284518828451882	111.0
accuracy	0.7674418604651163	0.7674418604651163	0.7674418604651163	0.7674418604651163
macro avg	0.7405776515151515	0.7128065565565566	0.7207864543867163	215.0
weighted avg	0.7738550475687104	0.7674418604651163	0.7639511515278746	215.0
