	AGAINST	FAVOR	NONE	accuracy	macro avg	weighted avg
precision	0.4666666666666667	0.7582417582417582	0.5892857142857143	0.655367231638418	0.6047313797313798	0.6519034167339252
recall	0.4	0.7582417582417582	0.6470588235294118	0.655367231638418	0.60176686059039	0.655367231638418
f1-score	0.4307692307692308	0.7582417582417583	0.6168224299065421	0.655367231638418	0.6019444729725104	0.652739361594106
support	35.0	91.0	51.0	0.655367231638418	177.0	177.0
