	precision	recall	f1-score	support
AGAINST	0.7692307692307693	0.6944444444444444	0.72992700729927	72.0
FAVOR	0.5111111111111111	0.71875	0.5974025974025974	32.0
NONE	0.8571428571428571	0.8108108108108109	0.8333333333333334	111.0
accuracy	0.7581395348837209	0.7581395348837209	0.7581395348837209	0.7581395348837209
macro avg	0.7124949124949125	0.741335085085085	0.720220979345067	215.0
weighted avg	0.7762001306187353	0.7581395348837209	0.7635889657787468	215.0
