	precision	recall	f1-score	support
AGAINST	0.6666666666666666	0.7058823529411765	0.6857142857142857	51.0
FAVOR	0.8120300751879699	0.8925619834710744	0.8503937007874016	121.0
NONE	0.8095238095238095	0.4722222222222222	0.5964912280701755	36.0
accuracy	0.7740384615384616	0.7740384615384616	0.7740384615384616	0.7740384615384616
macro avg	0.7627401837928153	0.690222186211491	0.7108664048572876	208.0
weighted avg	0.7759543088490456	0.7740384615384616	0.7660709162366851	208.0
