	precision	recall	f1-score	support
AGAINST	0.8448275862068966	0.6805555555555556	0.7538461538461538	72.0
FAVOR	0.5	0.65625	0.5675675675675675	32.0
NONE	0.8260869565217391	0.8558558558558559	0.8407079646017699	111.0
accuracy	0.7674418604651163	0.7674418604651163	0.7674418604651163	0.7674418604651163
macro avg	0.7236381809095452	0.7308871371371372	0.7207072286718305	215.0
weighted avg	0.7838290157246959	0.7674418604651163	0.7709659037668916	215.0
