	AGAINST	FAVOR	NONE	accuracy	macro avg	weighted avg
precision	0.47058823529411764	0.7422680412371134	0.6086956521739131	0.655367231638418	0.607183976235048	0.6500590861510791
recall	0.45714285714285713	0.7912087912087912	0.5490196078431373	0.655367231638418	0.5991237520649285	0.655367231638418
f1-score	0.46376811594202894	0.7659574468085107	0.577319587628866	0.655367231638418	0.6023483834598019	0.6518492129187438
support	35.0	91.0	51.0	0.655367231638418	177.0	177.0
