	precision	recall	f1-score	support
AGAINST	0.7647058823529411	0.7222222222222222	0.7428571428571428	72.0
FAVOR	0.6296296296296297	0.53125	0.5762711864406779	32.0
NONE	0.7833333333333333	0.8468468468468469	0.8138528138528137	111.0
accuracy	0.7581395348837209	0.7581395348837209	0.7581395348837209	0.7581395348837209
macro avg	0.7258896151053014	0.7001063563563564	0.7109937143835449	215.0
weighted avg	0.7542184729188833	0.7581395348837209	0.7547165329743176	215.0
