	precision	recall	f1-score	support
AGAINST	0.8823529411764706	0.625	0.7317073170731708	72.0
FAVOR	0.5833333333333334	0.65625	0.6176470588235293	32.0
NONE	0.7578125	0.8738738738738738	0.8117154811715481	111.0
accuracy	0.7581395348837209	0.7581395348837209	0.7581395348837209	0.7581395348837209
macro avg	0.7411662581699346	0.7183746246246246	0.7203566190227494	215.0
weighted avg	0.7735500740994071	0.7581395348837209	0.7560374470775028	215.0
