	precision	recall	f1-score	support
AGAINST	0.8846153846153846	0.6388888888888888	0.7419354838709676	72.0
FAVOR	0.5952380952380952	0.78125	0.6756756756756757	32.0
NONE	0.7933884297520661	0.8648648648648649	0.8275862068965518	111.0
accuracy	0.7767441860465116	0.7767441860465116	0.7767441860465116	0.7767441860465116
macro avg	0.7577473032018487	0.7616679179179179	0.7483991221477316	215.0
weighted avg	0.7944467090344468	0.7767441860465116	0.7762932345388305	215.0
