	precision	recall	f1-score	support
AGAINST	0.6153846153846154	0.9411764705882353	0.744186046511628	51.0
FAVOR	0.883495145631068	0.7520661157024794	0.8125000000000001	121.0
NONE	0.7037037037037037	0.5277777777777778	0.6031746031746033	36.0
accuracy	0.7596153846153846	0.7596153846153846	0.7596153846153846	0.7596153846153846
macro avg	0.7341944882397957	0.7403401213561641	0.7199535498954104	208.0
weighted avg	0.7866387564389806	0.7596153846153846	0.7595205484922055	208.0
