	precision	recall	f1-score	support
AGAINST	0.803921568627451	0.5694444444444444	0.6666666666666666	72.0
FAVOR	0.5135135135135135	0.59375	0.5507246376811593	32.0
NONE	0.7559055118110236	0.8648648648648649	0.8067226890756303	111.0
accuracy	0.7255813953488373	0.7255813953488373	0.7255813953488373	0.7255813953488373
macro avg	0.6911135313173293	0.6760197697697699	0.6747046644744854	215.0
weighted avg	0.7359083589982907	0.7255813953488373	0.7217181715962421	215.0
