	precision	recall	f1-score	support
AGAINST	0.5797101449275363	0.7843137254901961	0.6666666666666666	51.0
FAVOR	0.8064516129032258	0.8264462809917356	0.8163265306122448	121.0
NONE	0.8	0.3333333333333333	0.47058823529411764	36.0
accuracy	0.7307692307692307	0.7307692307692307	0.7307692307692307	0.7307692307692307
macro avg	0.7287205859435874	0.648031113271755	0.6511938108576764	208.0
weighted avg	0.7497397238105512	0.7307692307692307	0.7197917628589897	208.0
