	AGAINST	FAVOR	NONE	accuracy	macro avg	weighted avg
precision	0.38	0.7441860465116279	0.6585365853658537	0.6214689265536724	0.5942408772924939	0.6474931982272129
recall	0.5428571428571428	0.7032967032967034	0.5294117647058824	0.6214689265536724	0.5918552036199095	0.6214689265536724
f1-score	0.44705882352941173	0.7231638418079095	0.5869565217391304	0.6214689265536724	0.5857263956921505	0.6293206273262419
support	35.0	91.0	51.0	0.6214689265536724	177.0	177.0
