	precision	recall	f1-score	support
AGAINST	0.6617647058823529	0.8823529411764706	0.7563025210084034	51.0
FAVOR	0.8632478632478633	0.8347107438016529	0.8487394957983193	121.0
NONE	0.8260869565217391	0.5277777777777778	0.6440677966101694	36.0
accuracy	0.7932692307692307	0.7932692307692307	0.7932692307692307	0.7932692307692307
macro avg	0.7836998418839851	0.7482804875853004	0.7497032711389641	208.0
weighted avg	0.8074140475373753	0.7932692307692307	0.7906507126970735	208.0
