	precision	recall	f1-score	support
AGAINST	0.8548387096774194	0.7361111111111112	0.791044776119403	72.0
FAVOR	0.5365853658536586	0.6875	0.6027397260273972	32.0
NONE	0.8482142857142857	0.8558558558558559	0.852017937219731	111.0
accuracy	0.7906976744186046	0.7906976744186046	0.7906976744186046	0.7906976744186046
macro avg	0.7465461204151213	0.7598223223223224	0.748600813122177	215.0
weighted avg	0.8040507186901253	0.7906976744186046	0.7944971448598319	215.0
