	precision	recall	f1-score	support
AGAINST	0.7741935483870968	0.47058823529411764	0.5853658536585367	51.0
FAVOR	0.7297297297297297	0.8925619834710744	0.8029739776951673	121.0
NONE	0.6206896551724138	0.5	0.5538461538461539	36.0
accuracy	0.7211538461538461	0.7211538461538461	0.7211538461538461	0.7211538461538461
macro avg	0.7082043110964134	0.6210500729217306	0.6473953283999526	208.0
weighted avg	0.7217595954386833	0.7211538461538461	0.7064998623853949	208.0
