	precision	recall	f1-score	support
AGAINST	0.75	0.058823529411764705	0.10909090909090909	51.0
FAVOR	0.6838235294117647	0.768595041322314	0.7237354085603113	121.0
NONE	0.4264705882352941	0.8055555555555556	0.5576923076923077	36.0
accuracy	0.6009615384615384	0.6009615384615384	0.6009615384615384	0.6009615384615384
macro avg	0.6200980392156863	0.5443247087632114	0.46350620844784274	208.0
weighted avg	0.6555076357466063	0.6009615384615384	0.5442910763286399	208.0
