	AGAINST	FAVOR	NONE	accuracy	macro avg	weighted avg
precision	0.4166666666666667	0.6461538461538462	0.41	0.4971751412429379	0.4909401709401709	0.5327306967984934
recall	0.14285714285714285	0.46153846153846156	0.803921568627451	0.4971751412429379	0.46943905767435185	0.4971751412429379
f1-score	0.21276595744680848	0.5384615384615385	0.543046357615894	0.4971751412429379	0.43142461784141367	0.4753795070567735
support	35.0	91.0	51.0	0.4971751412429379	177.0	177.0
