	AGAINST	FAVOR	NONE	accuracy	macro avg	weighted avg
precision	0.5	0.7722772277227723	0.6875	0.7062146892655368	0.6532590759075908	0.6940097611456061
recall	0.4	0.8571428571428571	0.6470588235294118	0.7062146892655368	0.6347338935574229	0.7062146892655368
f1-score	0.4444444444444445	0.8125	0.6666666666666667	0.7062146892655368	0.6412037037037037	0.6977008788449467
support	35.0	91.0	51.0	0.7062146892655368	177.0	177.0
