	precision	recall	f1-score	support
AGAINST	0.7681159420289855	0.7361111111111112	0.7517730496453902	72.0
FAVOR	0.5769230769230769	0.46875	0.5172413793103449	32.0
NONE	0.7916666666666666	0.8558558558558559	0.8225108225108225	111.0
accuracy	0.7581395348837209	0.7581395348837209	0.7581395348837209	0.7581395348837209
macro avg	0.7122352285395763	0.6869056556556558	0.6971750838221858	215.0
weighted avg	0.7518180757563973	0.7581395348837209	0.753386441912095	215.0
