	precision	recall	f1-score	support
AGAINST	0.5897435897435898	0.9019607843137255	0.7131782945736433	51.0
FAVOR	0.8431372549019608	0.7107438016528925	0.7713004484304933	121.0
NONE	0.6785714285714286	0.5277777777777778	0.5937499999999999	36.0
accuracy	0.7259615384615384	0.7259615384615384	0.7259615384615384	0.7259615384615384
macro avg	0.7038174244056598	0.7134941212481319	0.6927429143347122	208.0
weighted avg	0.7525245305222682	0.7259615384615384	0.7263194580930072	208.0
