	precision	recall	f1-score	support
AGAINST	0.8113207547169812	0.5972222222222222	0.688	72.0
FAVOR	0.5142857142857142	0.5625	0.5373134328358209	32.0
NONE	0.7637795275590551	0.8738738738738738	0.8151260504201681	111.0
accuracy	0.7348837209302326	0.7348837209302326	0.7348837209302326	0.7348837209302326
macro avg	0.6964619988539168	0.6778653653653653	0.680146494418663	215.0
weighted avg	0.7425663477014912	0.7348837209302326	0.7312047509180694	215.0
