	AGAINST	FAVOR	NONE	accuracy	macro avg	weighted avg
precision	0.4857142857142857	0.7608695652173914	0.62	0.6666666666666666	0.6221946169772257	0.665870793416851
recall	0.4857142857142857	0.7692307692307693	0.6078431372549019	0.6666666666666666	0.6209293973999856	0.6666666666666666
f1-score	0.4857142857142857	0.7650273224043715	0.6138613861386139	0.6666666666666666	0.6215343314190904	0.6662396442478369
support	35.0	91.0	51.0	0.6666666666666666	177.0	177.0
