	precision	recall	f1-score	support
AGAINST	0.6842105263157895	0.7647058823529411	0.7222222222222222	51.0
FAVOR	0.8203125	0.8677685950413223	0.8433734939759036	121.0
NONE	0.782608695652174	0.5	0.6101694915254238	36.0
accuracy	0.7788461538461539	0.7788461538461539	0.7788461538461539	0.7788461538461539
macro avg	0.7623772406559878	0.7108248257980878	0.7252550692411832	208.0
weighted avg	0.7804156845460746	0.7788461538461539	0.7733059028814083	208.0
