	precision	recall	f1-score	support
AGAINST	0.7924528301886793	0.5833333333333334	0.6720000000000002	72.0
FAVOR	0.4772727272727273	0.65625	0.5526315789473685	32.0
NONE	0.7966101694915254	0.8468468468468469	0.8209606986899564	111.0
accuracy	0.7302325581395349	0.7302325581395349	0.7302325581395349	0.7302325581395349
macro avg	0.6887785756509773	0.6954767267267267	0.6818640925457751	215.0
weighted avg	0.7476886505110302	0.7302325581395349	0.7311388282832603	215.0
