	precision	recall	f1-score	support
AGAINST	0.7846153846153846	0.7083333333333334	0.7445255474452555	72.0
FAVOR	0.5714285714285714	0.625	0.5970149253731343	32.0
NONE	0.8173913043478261	0.8468468468468469	0.8318584070796462	111.0
accuracy	0.7674418604651163	0.7674418604651163	0.7674418604651163	0.7674418604651163
macro avg	0.7244784201305942	0.7267267267267267	0.7244662932993453	215.0
weighted avg	0.7698067756308403	0.7674418604651163	0.7676586056457647	215.0
