	precision	recall	f1-score	support
AGAINST	0.8035714285714286	0.625	0.703125	72.0
FAVOR	0.5142857142857142	0.5625	0.5373134328358209	32.0
NONE	0.782258064516129	0.8738738738738738	0.8255319148936169	111.0
accuracy	0.7441860465116279	0.7441860465116279	0.7441860465116279	0.7441860465116279
macro avg	0.7000384024577574	0.6871246246246246	0.6886567825764792	215.0
weighted avg	0.7495113063980281	0.7441860465116279	0.7416421972276174	215.0
