	precision	recall	f1-score	support
AGAINST	0.625	0.7843137254901961	0.6956521739130435	51.0
FAVOR	0.8230088495575221	0.768595041322314	0.7948717948717948	121.0
NONE	0.5483870967741935	0.4722222222222222	0.5074626865671641	36.0
accuracy	0.7211538461538461	0.7211538461538461	0.7211538461538461	0.7211538461538461
macro avg	0.6654653154439052	0.6750436630115774	0.6659955517840007	208.0
weighted avg	0.7269279148092843	0.7211538461538461	0.7208000229109148	208.0
