	precision	recall	f1-score	support
AGAINST	0.7727272727272727	0.7083333333333334	0.7391304347826088	72.0
FAVOR	0.5294117647058824	0.5625	0.5454545454545455	32.0
NONE	0.7913043478260869	0.8198198198198198	0.8053097345132743	111.0
accuracy	0.7441860465116279	0.7441860465116279	0.7441860465116279	0.7441860465116279
macro avg	0.6978144617530807	0.6968843843843845	0.6966315715834762	215.0
weighted avg	0.7461038265844071	0.7441860465116279	0.7444712432086825	215.0
