	AGAINST	FAVOR	NONE	accuracy	macro avg	weighted avg
precision	0.43333333333333335	0.7526881720430108	0.6666666666666666	0.672316384180791	0.6175627240143369	0.6647530526699472
recall	0.37142857142857144	0.7692307692307693	0.7058823529411765	0.672316384180791	0.6155138978668391	0.672316384180791
f1-score	0.4	0.7608695652173912	0.6857142857142857	0.672316384180791	0.615527950310559	0.6678562655718147
support	35.0	91.0	51.0	0.672316384180791	177.0	177.0
