	precision	recall	f1-score	support
AGAINST	0.7894736842105263	0.625	0.6976744186046512	72.0
FAVOR	0.5263157894736842	0.625	0.5714285714285714	32.0
NONE	0.7916666666666666	0.8558558558558559	0.8225108225108225	111.0
accuracy	0.7441860465116279	0.7441860465116279	0.7441860465116279	0.7441860465116279
macro avg	0.702485380116959	0.701951951951952	0.6972046041813483	215.0
weighted avg	0.751438188494492	0.7441860465116279	0.7433347615067464	215.0
