	bert-large-uncased	roberta-large
0	0.7099999999999999	0.7633333333333331
1	0.738333333333333	0.7866666666666665
2	0.7100000000000002	0.76
3	0.711666666666667	0.7649999999999999
4	0.7266666666666666	0.7633333333333333
