	bert-large-uncased	roberta-large
0	0.4593320105820105	0.5051256613756613
1	0.47339947089947076	0.5345666987333653
2	0.4648500881834215	0.512725869809203
3	0.45639870931537585	0.5096626984126983
4	0.4836155202821867	0.5160846560846559
