	precision	recall	f1-score	support
AGAINST	0.6212121212121212	0.803921568627451	0.7008547008547008	51.0
FAVOR	0.8260869565217391	0.7851239669421488	0.8050847457627119	121.0
NONE	0.6666666666666666	0.5	0.5714285714285715	36.0
accuracy	0.7403846153846154	0.7403846153846154	0.7403846153846154	0.7403846153846154
macro avg	0.704655248133509	0.6963485118565332	0.6924560060153281	208.0
weighted avg	0.7482612496199453	0.7403846153846154	0.7390878488091658	208.0
