	precision	recall	f1-score	support
AGAINST	0.7872340425531915	0.5138888888888888	0.6218487394957983	72.0
FAVOR	0.43243243243243246	0.5	0.463768115942029	32.0
NONE	0.7480916030534351	0.8828828828828829	0.8099173553719009	111.0
accuracy	0.7023255813953488	0.7023255813953488	0.7023255813953488	0.7023255813953488
macro avg	0.655919359346353	0.6322572572572572	0.6318447369365762	215.0
weighted avg	0.7142179387934834	0.7023255813953488	0.6954163506982484	215.0
