	AGAINST	FAVOR	NONE	accuracy	macro avg	weighted avg
precision	0.43902439024390244	0.7790697674418605	0.66	0.6666666666666666	0.6260313858952543	0.6775209180550615
recall	0.5142857142857142	0.7362637362637363	0.6470588235294118	0.6666666666666666	0.6325360913596207	0.6666666666666666
f1-score	0.4736842105263158	0.7570621468926554	0.6534653465346535	0.6666666666666666	0.6280705679845416	0.6711770362085877
support	35.0	91.0	51.0	0.6666666666666666	177.0	177.0
