	precision	recall	f1-score	support
AGAINST	0.859375	0.7638888888888888	0.8088235294117647	72.0
FAVOR	0.6129032258064516	0.59375	0.6031746031746031	32.0
NONE	0.8083333333333333	0.8738738738738738	0.8398268398268398	111.0
accuracy	0.7953488372093023	0.7953488372093023	0.7953488372093023	0.7953488372093023
macro avg	0.7602038530465949	0.7438375875875876	0.7506083241377359	215.0
weighted avg	0.7963390847711929	0.7953488372093023	0.7942216773954119	215.0
