	AGAINST	FAVOR	NONE	accuracy	macro avg	weighted avg
precision	0.47619047619047616	0.7976190476190477	0.6274509803921569	0.672316384180791	0.6337535014005602	0.6850282485875706
recall	0.5714285714285714	0.7362637362637363	0.6274509803921569	0.672316384180791	0.6450477626948216	0.672316384180791
f1-score	0.5194805194805195	0.7657142857142858	0.6274509803921569	0.672316384180791	0.637548595195654	0.6771854134566
support	35.0	91.0	51.0	0.672316384180791	177.0	177.0
