	AGAINST	FAVOR	NONE	accuracy	macro avg	weighted avg
precision	0.5142857142857142	0.7553191489361702	0.6041666666666666	0.6666666666666666	0.6245905099628503	0.6641047601875225
recall	0.5142857142857142	0.7802197802197802	0.5686274509803921	0.6666666666666666	0.6210443151619621	0.6666666666666666
f1-score	0.5142857142857142	0.7675675675675676	0.5858585858585857	0.6666666666666666	0.6225706225706226	0.6651267600420142
support	35.0	91.0	51.0	0.6666666666666666	177.0	177.0
