	precision	recall	f1-score	support
AGAINST	0.5384615384615384	0.8235294117647058	0.6511627906976744	51.0
FAVOR	0.8260869565217391	0.7851239669421488	0.8050847457627119	121.0
NONE	0.7333333333333333	0.3055555555555556	0.43137254901960786	36.0
accuracy	0.7115384615384616	0.7115384615384616	0.7115384615384616	0.7115384615384616
macro avg	0.6992939427722037	0.6380696447541367	0.629206695159998	208.0
weighted avg	0.7395099048109082	0.7115384615384616	0.7026633092671896	208.0
