	precision	recall	f1-score	support
AGAINST	0.7341772151898734	0.8055555555555556	0.7682119205298013	72.0
FAVOR	0.5789473684210527	0.6875	0.6285714285714286	32.0
NONE	0.8877551020408163	0.7837837837837838	0.8325358851674641	111.0
accuracy	0.7767441860465116	0.7767441860465116	0.7767441860465116	0.7767441860465116
macro avg	0.7336265618839141	0.7589464464464465	0.743106411422898	215.0
weighted avg	0.7903622865566289	0.7767441860465116	0.7806373360279996	215.0
