	AGAINST	FAVOR	NONE	accuracy	macro avg	weighted avg
precision	0.3333333333333333	0.7444444444444445	0.7333333333333333	0.6101694915254238	0.6037037037037036	0.6599497802887633
recall	0.5428571428571428	0.7362637362637363	0.43137254901960786	0.6101694915254238	0.570164476046829	0.6101694915254238
f1-score	0.4130434782608695	0.7403314917127072	0.54320987654321	0.6101694915254238	0.5655282821722621	0.61881576942763
support	35.0	91.0	51.0	0.6101694915254238	177.0	177.0
