	precision	recall	f1-score	support
AGAINST	0.7962962962962963	0.5972222222222222	0.6825396825396824	72.0
FAVOR	0.5714285714285714	0.625	0.5970149253731343	32.0
NONE	0.7936507936507936	0.9009009009009009	0.8438818565400843	111.0
accuracy	0.7581395348837209	0.7581395348837209	0.7581395348837209	0.7581395348837209
macro avg	0.7204585537918872	0.7077077077077077	0.7078121548176336	215.0
weighted avg	0.7614617940199336	0.7581395348837209	0.7531080038639386	215.0
