	precision	recall	f1-score	support
AGAINST	0.6	0.058823529411764705	0.10714285714285714	51.0
FAVOR	0.6609195402298851	0.9504132231404959	0.7796610169491525	121.0
NONE	0.7241379310344828	0.5833333333333334	0.6461538461538462	36.0
accuracy	0.6682692307692307	0.6682692307692307	0.6682692307692307	0.6682692307692307
macro avg	0.6616858237547892	0.530856695295198	0.5109859067486185	208.0
weighted avg	0.6569241821396994	0.6682692307692307	0.5916577270513058	208.0
