	precision	recall	f1-score	support
AGAINST	0.7272727272727273	0.6274509803921569	0.6736842105263158	51.0
FAVOR	0.7815126050420168	0.768595041322314	0.775	121.0
NONE	0.5555555555555556	0.6944444444444444	0.6172839506172839	36.0
accuracy	0.7211538461538461	0.7211538461538461	0.7211538461538461	0.7211538461538461
macro avg	0.6881136292900999	0.696830155386305	0.6886560537145332	208.0
weighted avg	0.7291054533701592	0.7211538461538461	0.7228611392262708	208.0
