	precision	recall	f1-score	support
AGAINST	0.6031746031746031	0.7450980392156863	0.6666666666666666	51.0
FAVOR	0.811965811965812	0.7851239669421488	0.7983193277310925	121.0
NONE	0.75	0.5833333333333334	0.6562499999999999	36.0
accuracy	0.7403846153846154	0.7403846153846154	0.7403846153846154	0.7403846153846154
macro avg	0.7217134717134717	0.7045184464970561	0.7070786647992531	208.0
weighted avg	0.7500469615854232	0.7403846153846154	0.7414501858435683	208.0
