	AGAINST	FAVOR	NONE	accuracy	macro avg	weighted avg
precision	0.47058823529411764	0.7291666666666666	0.6382978723404256	0.655367231638418	0.6126842581004033	0.6518528044707484
recall	0.45714285714285713	0.7692307692307693	0.5882352941176471	0.655367231638418	0.6048696401637579	0.655367231638418
f1-score	0.46376811594202894	0.7486631016042781	0.6122448979591838	0.655367231638418	0.6082253718351636	0.6530209949145689
support	35.0	91.0	51.0	0.655367231638418	177.0	177.0
