	precision	recall	f1-score	support
AGAINST	0.639344262295082	0.7647058823529411	0.6964285714285714	51.0
FAVOR	0.8492063492063492	0.8842975206611571	0.8663967611336032	121.0
NONE	0.8571428571428571	0.5	0.631578947368421	36.0
accuracy	0.7884615384615384	0.7884615384615384	0.7884615384615384	0.7884615384615384
macro avg	0.7818978228814295	0.716334467671366	0.7314680933101986	208.0
weighted avg	0.7991234061930783	0.7884615384615384	0.7840803237754148	208.0
