	precision	recall	f1-score	support
AGAINST	0.6266666666666667	0.9215686274509803	0.746031746031746	51.0
FAVOR	0.9072164948453608	0.7272727272727273	0.8073394495412843	121.0
NONE	0.6111111111111112	0.6111111111111112	0.6111111111111112	36.0
accuracy	0.7548076923076923	0.7548076923076923	0.7548076923076923	0.7548076923076923
macro avg	0.7149980908743796	0.7533174886116063	0.7214941022280472	208.0
weighted avg	0.7871788263283108	0.7548076923076923	0.7583446752024733	208.0
