	precision	recall	f1-score	support
AGAINST	0.8088235294117647	0.7638888888888888	0.7857142857142858	72.0
FAVOR	0.625	0.625	0.625	32.0
NONE	0.8347826086956521	0.8648648648648649	0.8495575221238938	111.0
accuracy	0.7953488372093023	0.7953488372093023	0.7953488372093023	0.7953488372093023
macro avg	0.7562020460358055	0.7512512512512513	0.7534239359460599	215.0
weighted avg	0.7948658775947183	0.7953488372093023	0.7947549466380501	215.0
