	AGAINST	FAVOR	NONE	accuracy	macro avg	weighted avg
precision	0.5151515151515151	0.7475728155339806	0.7073170731707317	0.6949152542372882	0.6566804679520758	0.6900146891276981
recall	0.4857142857142857	0.8461538461538461	0.5686274509803921	0.6949152542372882	0.6334985276161746	0.6949152542372882
f1-score	0.5	0.7938144329896907	0.6304347826086957	0.6949152542372882	0.6414164051994621	0.6886400413282786
support	35.0	91.0	51.0	0.6949152542372882	177.0	177.0
