	precision	recall	f1-score	support
AGAINST	0.8360655737704918	0.7083333333333334	0.7669172932330828	72.0
FAVOR	0.6216216216216216	0.71875	0.6666666666666667	32.0
NONE	0.7948717948717948	0.8378378378378378	0.8157894736842105	111.0
accuracy	0.7767441860465116	0.7767441860465116	0.7767441860465116	0.7767441860465116
macro avg	0.7508529967546361	0.7549737237237237	0.7497911445279867	215.0
weighted avg	0.7828808485308675	0.7767441860465116	0.7772279536049427	215.0
