	precision	recall	f1-score	support
AGAINST	0.647887323943662	0.9019607843137255	0.7540983606557378	51.0
FAVOR	0.8793103448275862	0.8429752066115702	0.860759493670886	121.0
NONE	0.9523809523809523	0.5555555555555556	0.7017543859649122	36.0
accuracy	0.8076923076923077	0.8076923076923077	0.8076923076923077	0.8076923076923077
macro avg	0.8265262070507337	0.7668305154936171	0.7722040800971787	208.0
weighted avg	0.8352140362066296	0.8076923076923077	0.807086889530561	208.0
