	AGAINST	FAVOR	NONE	accuracy	macro avg	weighted avg
precision	0.45454545454545453	0.7628865979381443	0.6944444444444444	0.672316384180791	0.6372921656426811	0.6821945649046819
recall	0.5714285714285714	0.8131868131868132	0.49019607843137253	0.672316384180791	0.624937154348919	0.672316384180791
f1-score	0.5063291139240506	0.7872340425531914	0.5747126436781609	0.672316384180791	0.622758600051801	0.670452890888522
support	35.0	91.0	51.0	0.672316384180791	177.0	177.0
