	precision	recall	f1-score	support
AGAINST	0.7466666666666667	0.7777777777777778	0.761904761904762	72.0
FAVOR	0.6111111111111112	0.6875	0.6470588235294118	32.0
NONE	0.8653846153846154	0.8108108108108109	0.8372093023255813	111.0
accuracy	0.7813953488372093	0.7813953488372093	0.7813953488372093	0.7813953488372093
macro avg	0.7410541310541311	0.7586961961961962	0.7487242959199184	215.0
weighted avg	0.7877825482011528	0.7813953488372093	0.7836895710149933	215.0
