	precision	recall	f1-score	support
AGAINST	0.6440677966101694	0.7450980392156863	0.6909090909090908	51.0
FAVOR	0.7786885245901639	0.7851239669421488	0.7818930041152264	121.0
NONE	0.6296296296296297	0.4722222222222222	0.5396825396825397	36.0
accuracy	0.7211538461538461	0.7211538461538461	0.7211538461538461	0.7211538461538461
macro avg	0.6841286502766543	0.6674814094600191	0.6708282115689523	208.0
weighted avg	0.7198819027365151	0.7211538461538461	0.7176634065522955	208.0
