	AGAINST	FAVOR	NONE	accuracy	macro avg	weighted avg
precision	0.43243243243243246	0.7857142857142857	0.6071428571428571	0.655367231638418	0.6084298584298584	0.6644035076238466
recall	0.45714285714285713	0.7252747252747253	0.6666666666666666	0.655367231638418	0.6163614163614164	0.655367231638418
f1-score	0.4444444444444445	0.7542857142857142	0.6355140186915887	0.655367231638418	0.6114147258072492	0.6587953136091897
support	35.0	91.0	51.0	0.655367231638418	177.0	177.0
