	precision	recall	f1-score	support
AGAINST	0.803030303030303	0.7361111111111112	0.7681159420289856	72.0
FAVOR	0.6	0.65625	0.626865671641791	32.0
NONE	0.8333333333333334	0.8558558558558559	0.8444444444444446	111.0
accuracy	0.786046511627907	0.786046511627907	0.786046511627907	0.786046511627907
macro avg	0.7454545454545455	0.7494056556556558	0.7464753527050737	215.0
weighted avg	0.7884566596194502	0.786046511627907	0.7864994541951517	215.0
