	precision	recall	f1-score	support
AGAINST	0.7924528301886793	0.5833333333333334	0.6720000000000002	72.0
FAVOR	0.5675675675675675	0.65625	0.6086956521739131	32.0
NONE	0.776	0.8738738738738738	0.8220338983050848	111.0
accuracy	0.7441860465116279	0.7441860465116279	0.7441860465116279	0.7441860465116279
macro avg	0.7120067992520823	0.7044857357357358	0.700909850159666	215.0
weighted avg	0.7504872834220795	0.7441860465116279	0.7400373189833938	215.0
