	precision	recall	f1-score	support
AGAINST	0.6086956521739131	0.8235294117647058	0.7	51.0
FAVOR	0.8347826086956521	0.7933884297520661	0.8135593220338982	121.0
NONE	0.75	0.5	0.6	36.0
accuracy	0.75	0.75	0.75	0.75
macro avg	0.7311594202898551	0.7056392805055905	0.7045197740112994	208.0
weighted avg	0.7646739130434782	0.75	0.748753259452412	208.0
