	AGAINST	FAVOR	NONE	accuracy	macro avg	weighted avg
precision	0.5135135135135135	0.7634408602150538	0.6382978723404256	0.6779661016949152	0.6384174153563309	0.6779620493892913
recall	0.5428571428571428	0.7802197802197802	0.5882352941176471	0.6779661016949152	0.63710407239819	0.6779661016949152
f1-score	0.5277777777777778	0.7717391304347825	0.6122448979591838	0.6779661016949152	0.6372539353905814	0.6775422197045525
support	35.0	91.0	51.0	0.6779661016949152	177.0	177.0
