	precision	recall	f1-score	support
AGAINST	0.5714285714285714	0.47058823529411764	0.5161290322580646	51.0
FAVOR	0.7412587412587412	0.8760330578512396	0.803030303030303	121.0
NONE	0.7391304347826086	0.4722222222222222	0.5762711864406781	36.0
accuracy	0.7067307692307693	0.7067307692307693	0.7067307692307693	0.7067307692307693
macro avg	0.6839392491566404	0.6062811717891932	0.631810173909682	208.0
weighted avg	0.6992493292660517	0.7067307692307693	0.6934375481908286	208.0
