	precision	recall	f1-score	support
AGAINST	0.7439024390243902	0.8472222222222222	0.7922077922077924	72.0
FAVOR	0.5806451612903226	0.5625	0.5714285714285715	32.0
NONE	0.9019607843137255	0.8288288288288288	0.863849765258216	111.0
accuracy	0.7953488372093023	0.7953488372093023	0.7953488372093023	0.7953488372093023
macro avg	0.7421694615428128	0.7461836836836837	0.7424953762981933	215.0
weighted avg	0.801205896883116	0.7953488372093023	0.7963348803178479	215.0
