	AGAINST	FAVOR	NONE	accuracy	macro avg	weighted avg
precision	0.40384615384615385	0.7619047619047619	0.6585365853658537	0.632768361581921	0.6080958337055898	0.6613181614215099
recall	0.6	0.7032967032967034	0.5294117647058824	0.632768361581921	0.6109028226675286	0.632768361581921
f1-score	0.4827586206896552	0.7314285714285714	0.5869565217391304	0.632768361581921	0.6003812379524524	0.6406290075301333
support	35.0	91.0	51.0	0.632768361581921	177.0	177.0
