	precision	recall	f1-score	support
AGAINST	0.8518518518518519	0.3194444444444444	0.4646464646464646	72.0
FAVOR	0.4	0.625	0.48780487804878053	32.0
NONE	0.7391304347826086	0.918918918918919	0.8192771084337348	111.0
accuracy	0.6744186046511628	0.6744186046511628	0.6744186046511628	0.6744186046511628
macro avg	0.6636607622114868	0.6211211211211212	0.5905761503763266	215.0
weighted avg	0.7264037748567577	0.6744186046511628	0.6511816771546557	215.0
