	AGAINST	FAVOR	NONE	accuracy	macro avg	weighted avg
precision	0.35714285714285715	0.6341463414634146	0.575	0.5988700564971752	0.5220963995354239	0.5623294749896652
recall	0.14285714285714285	0.8571428571428571	0.45098039215686275	0.5988700564971752	0.48366013071895425	0.5988700564971752
f1-score	0.20408163265306123	0.7289719626168224	0.5054945054945055	0.5988700564971752	0.4795160335881297	0.5607882797808348
support	35.0	91.0	51.0	0.5988700564971752	177.0	177.0
