	precision	recall	f1-score	support
AGAINST	0.7142857142857143	0.49019607843137253	0.5813953488372093	51.0
FAVOR	0.7449664429530202	0.9173553719008265	0.8222222222222223	121.0
NONE	0.7916666666666666	0.5277777777777778	0.6333333333333333	36.0
accuracy	0.7451923076923077	0.7451923076923077	0.7451923076923077	0.7451923076923077
macro avg	0.7503062746351338	0.6451097427033257	0.6789836347975884	208.0
weighted avg	0.7455264953167637	0.7451923076923077	0.7304810176903201	208.0
