	precision	recall	f1-score	support
AGAINST	0.8333333333333334	0.625	0.7142857142857143	72.0
FAVOR	0.5111111111111111	0.71875	0.5974025974025974	32.0
NONE	0.8362068965517241	0.8738738738738738	0.8546255506607928	111.0
accuracy	0.7674418604651163	0.7674418604651163	0.7674418604651163	0.7674418604651163
macro avg	0.7268837803320563	0.7392079579579579	0.722104620783035	215.0
weighted avg	0.7868582375478927	0.7674418604651163	0.7693436775293141	215.0
