	AGAINST	FAVOR	NONE	accuracy	macro avg	weighted avg
precision	0.6190476190476191	0.6837606837606838	0.6923076923076923	0.6779661016949152	0.665038665038665	0.6734270124100632
recall	0.37142857142857144	0.8791208791208791	0.5294117647058824	0.6779661016949152	0.593320405085111	0.6779661016949152
f1-score	0.4642857142857143	0.7692307692307692	0.5999999999999999	0.6779661016949152	0.6111721611721611	0.6601694915254237
support	35.0	91.0	51.0	0.6779661016949152	177.0	177.0
