	precision	recall	f1-score	support
AGAINST	0.6111111111111112	0.8627450980392157	0.7154471544715448	51.0
FAVOR	0.8504672897196262	0.7520661157024794	0.7982456140350879	121.0
NONE	0.5862068965517241	0.4722222222222222	0.523076923076923	36.0
accuracy	0.7307692307692307	0.7307692307692307	0.7307692307692307	0.7307692307692307
macro avg	0.6825950991274872	0.6956778119879724	0.678923230527852	208.0
weighted avg	0.7460416201855937	0.7307692307692307	0.7303187183031905	208.0
