	precision	recall	f1-score	support
AGAINST	0.7428571428571429	0.7222222222222222	0.732394366197183	72.0
FAVOR	0.6	0.46875	0.5263157894736842	32.0
NONE	0.8	0.8648648648648649	0.8311688311688312	111.0
accuracy	0.7581395348837209	0.7581395348837209	0.7581395348837209	0.7581395348837209
macro avg	0.7142857142857144	0.685279029029029	0.6966263289465662	215.0
weighted avg	0.7510963455149502	0.7581395348837209	0.7527173948330015	215.0
