	precision	recall	f1-score	support
AGAINST	0.8596491228070176	0.6805555555555556	0.7596899224806201	72.0
FAVOR	0.6206896551724138	0.5625	0.5901639344262296	32.0
NONE	0.7751937984496124	0.9009009009009009	0.8333333333333333	111.0
accuracy	0.7767441860465116	0.7767441860465116	0.7767441860465116	0.7767441860465116
macro avg	0.7518441921430146	0.7146521521521522	0.7277290634133943	215.0
weighted avg	0.7804805462117651	0.7767441860465116	0.7724786991639254	215.0
