	AGAINST	FAVOR	NONE	accuracy	macro avg	weighted avg
precision	0.4	0.7837837837837838	0.6041666666666666	0.615819209039548	0.5959834834834834	0.6561402504199114
recall	0.6285714285714286	0.6373626373626373	0.5686274509803921	0.615819209039548	0.6115205056381526	0.615819209039548
f1-score	0.488888888888889	0.703030303030303	0.5858585858585857	0.615819209039548	0.5925925925925926	0.6269246133652913
support	35.0	91.0	51.0	0.615819209039548	177.0	177.0
