	precision	recall	f1-score	support
AGAINST	0.8679245283018868	0.6388888888888888	0.736	72.0
FAVOR	0.7692307692307693	0.625	0.6896551724137931	32.0
NONE	0.7426470588235294	0.9099099099099099	0.8178137651821862	111.0
accuracy	0.7767441860465116	0.7767441860465116	0.7767441860465116	0.7767441860465116
macro avg	0.7932674521187285	0.7245995995995996	0.7478229791986598	215.0
weighted avg	0.7885570892210803	0.7767441860465116	0.7713408997789026	215.0
