	precision	recall	f1-score	support
AGAINST	0.6935483870967742	0.8431372549019608	0.7610619469026549	51.0
FAVOR	0.8571428571428571	0.8429752066115702	0.8499999999999999	121.0
NONE	0.7407407407407407	0.5555555555555556	0.634920634920635	36.0
accuracy	0.7932692307692307	0.7932692307692307	0.7932692307692307	0.7932692307692307
macro avg	0.763810661660124	0.7472226723563621	0.7486608606077633	208.0
weighted avg	0.7968842313600378	0.7932692307692307	0.7909677987941262	208.0
