	precision	recall	f1-score	support
AGAINST	0.875	0.5833333333333334	0.7000000000000001	72.0
FAVOR	0.5555555555555556	0.625	0.5882352941176471	32.0
NONE	0.7786259541984732	0.918918918918919	0.8429752066115701	111.0
accuracy	0.7627906976744186	0.7627906976744186	0.7627906976744186	0.7627906976744186
macro avg	0.7363938365846763	0.7090840840840841	0.7104035002430725	215.0
weighted avg	0.7776988776456201	0.7627906976744186	0.7571803597472047	215.0
