	precision	recall	f1-score	support
AGAINST	0.627906976744186	0.5294117647058824	0.5744680851063829	51.0
FAVOR	0.7518796992481203	0.8264462809917356	0.7874015748031495	121.0
NONE	0.65625	0.5833333333333334	0.6176470588235293	36.0
accuracy	0.7115384615384616	0.7115384615384616	0.7115384615384616	0.7115384615384616
macro avg	0.6786788919974355	0.6463971263436504	0.6598389062443539	208.0
weighted avg	0.7049312472258464	0.7115384615384616	0.705811331775258	208.0
