	precision	recall	f1-score	support
AGAINST	0.7441860465116279	0.6274509803921569	0.6808510638297872	51.0
FAVOR	0.76	0.7851239669421488	0.7723577235772359	121.0
NONE	0.5	0.5555555555555556	0.5263157894736842	36.0
accuracy	0.7067307692307693	0.7067307692307693	0.7067307692307693	0.7067307692307693
macro avg	0.668062015503876	0.6560435009632871	0.6598415256269025	208.0
weighted avg	0.7111225402504472	0.7067307692307693	0.7073368136020063	208.0
