	precision	recall	f1-score	support
AGAINST	0.6530612244897959	0.6274509803921569	0.64	51.0
FAVOR	0.7615384615384615	0.8181818181818182	0.7888446215139442	121.0
NONE	0.6551724137931034	0.5277777777777778	0.5846153846153845	36.0
accuracy	0.7211538461538461	0.7211538461538461	0.7211538461538461	0.7211538461538461
macro avg	0.6899240332737868	0.6578035254505843	0.6711533353764428	208.0
weighted avg	0.716531169190794	0.7211538461538461	0.7170016973526014	208.0
