	AGAINST	FAVOR	NONE	accuracy	macro avg	weighted avg
precision	0.5333333333333333	0.7181818181818181	0.7567567567567568	0.6949152542372882	0.6694239694239693	0.6927446707107724
recall	0.45714285714285713	0.8681318681318682	0.5490196078431373	0.6949152542372882	0.6247647777059542	0.6949152542372882
f1-score	0.4923076923076923	0.7860696517412935	0.6363636363636364	0.6949152542372882	0.6382469934708741	0.684845497139957
support	35.0	91.0	51.0	0.6949152542372882	177.0	177.0
