	precision	recall	f1-score	support
AGAINST	0.7777777777777778	0.6805555555555556	0.7259259259259259	72.0
FAVOR	0.6176470588235294	0.65625	0.6363636363636364	32.0
NONE	0.8220338983050848	0.8738738738738738	0.8471615720524017	111.0
accuracy	0.7767441860465116	0.7767441860465116	0.7767441860465116	0.7767441860465116
macro avg	0.7391529116354639	0.7368931431431432	0.7364837114473213	215.0
weighted avg	0.7767928771824062	0.7767441860465116	0.7751871512935797	215.0
