	precision	recall	f1-score	support
AGAINST	0.8305084745762712	0.6805555555555556	0.748091603053435	72.0
FAVOR	0.7307692307692307	0.59375	0.6551724137931033	32.0
NONE	0.7615384615384615	0.8918918918918919	0.8215767634854771	111.0
accuracy	0.7767441860465116	0.7767441860465116	0.7767441860465116	0.7767441860465116
macro avg	0.7742720556279878	0.7220658158158159	0.7416135934440051	215.0
weighted avg	0.7800557896970983	0.7767441860465116	0.7722006205028585	215.0
