	precision	recall	f1-score	support
AGAINST	0.9111111111111111	0.5694444444444444	0.7008547008547008	72.0
FAVOR	0.6538461538461539	0.53125	0.5862068965517242	32.0
NONE	0.7083333333333334	0.918918918918919	0.8000000000000002	111.0
accuracy	0.7441860465116279	0.7441860465116279	0.7441860465116279	0.7441860465116279
macro avg	0.7577635327635327	0.6732044544544545	0.695687199135475	215.0
weighted avg	0.7681305903398927	0.7441860465116279	0.7349774844241564	215.0
