	precision	recall	f1-score	support
AGAINST	0.75	0.5294117647058824	0.6206896551724139	51.0
FAVOR	0.7181208053691275	0.8842975206611571	0.7925925925925925	121.0
NONE	0.6956521739130435	0.4444444444444444	0.5423728813559322	36.0
accuracy	0.7211538461538461	0.7211538461538461	0.7211538461538461	0.7211538461538461
macro avg	0.7212576597607235	0.619384576603828	0.6518850430403128	208.0
weighted avg	0.722048537069875	0.7211538461538461	0.7071360569534152	208.0
