	precision	recall	f1-score	support
AGAINST	0.8431372549019608	0.5972222222222222	0.6991869918699186	72.0
FAVOR	0.5384615384615384	0.65625	0.5915492957746479	32.0
NONE	0.808	0.9099099099099099	0.8559322033898304	111.0
accuracy	0.7674418604651163	0.7674418604651163	0.7674418604651163	0.7674418604651163
macro avg	0.7298662644544999	0.7211273773773774	0.7155561636781324	215.0
weighted avg	0.7796495422498159	0.7674418604651163	0.7640907695613677	215.0
