	precision	recall	f1-score	support
AGAINST	0.6231884057971014	0.8431372549019608	0.7166666666666667	51.0
FAVOR	0.865546218487395	0.8512396694214877	0.8583333333333334	121.0
NONE	0.85	0.4722222222222222	0.6071428571428571	36.0
accuracy	0.7836538461538461	0.7836538461538461	0.7836538461538461	0.7836538461538461
macro avg	0.7795782080948322	0.7221997155152237	0.7273809523809525	208.0
weighted avg	0.803431255445322	0.7836538461538461	0.7801224816849817	208.0
