	AGAINST	FAVOR	NONE	accuracy	macro avg	weighted avg
precision	0.40625	0.6695652173913044	0.7	0.6271186440677966	0.5919384057971014	0.6262665806927045
recall	0.37142857142857144	0.8461538461538461	0.4117647058823529	0.6271186440677966	0.5431157078215901	0.6271186440677966
f1-score	0.3880597014925374	0.7475728155339806	0.5185185185185185	0.6271186440677966	0.5513836785150121	0.6104839559902571
support	35.0	91.0	51.0	0.6271186440677966	177.0	177.0
