	precision	recall	f1-score	support
AGAINST	0.6166666666666667	0.7254901960784313	0.6666666666666666	51.0
FAVOR	0.8103448275862069	0.7768595041322314	0.7932489451476793	121.0
NONE	0.65625	0.5833333333333334	0.6176470588235293	36.0
accuracy	0.7307692307692307	0.7307692307692307	0.7307692307692307	0.7307692307692307
macro avg	0.6944204980842912	0.6952276778479987	0.6925208902126251	208.0
weighted avg	0.736186173740053	0.7307692307692307	0.731819310002482	208.0
