	precision	recall	f1-score	support
AGAINST	0.8421052631578947	0.6666666666666666	0.744186046511628	72.0
FAVOR	0.5121951219512195	0.65625	0.5753424657534246	32.0
NONE	0.811965811965812	0.8558558558558559	0.8333333333333335	111.0
accuracy	0.7627906976744186	0.7627906976744186	0.7627906976744186	0.7627906976744186
macro avg	0.7220887323583088	0.7262575075075075	0.7176206151994621	215.0
weighted avg	0.7774419905954074	0.7627906976744186	0.7650807174555666	215.0
