	AGAINST	FAVOR	NONE	accuracy	macro avg	weighted avg
precision	0.5263157894736842	0.8064516129032258	0.7391304347826086	0.7288135593220338	0.6906326123865062	0.7316598959304267
recall	0.5714285714285714	0.8241758241758241	0.6666666666666666	0.7288135593220338	0.6874236874236873	0.7288135593220338
f1-score	0.547945205479452	0.8152173913043477	0.7010309278350515	0.7288135593220338	0.6880645082062836	0.7294657746896276
support	35.0	91.0	51.0	0.7288135593220338	177.0	177.0
