	AGAINST	FAVOR	NONE	accuracy	macro avg	weighted avg
precision	0.4878048780487805	0.7425742574257426	0.6857142857142857	0.672316384180791	0.6386978070629362	0.6758127498806693
recall	0.5714285714285714	0.8241758241758241	0.47058823529411764	0.672316384180791	0.6220642102995044	0.672316384180791
f1-score	0.5263157894736842	0.78125	0.558139534883721	0.672316384180791	0.6219017747858017	0.666553214184456
support	35.0	91.0	51.0	0.672316384180791	177.0	177.0
