	precision	recall	f1-score	support
AGAINST	0.7941176470588235	0.75	0.7714285714285715	72.0
FAVOR	0.5666666666666667	0.53125	0.5483870967741935	32.0
NONE	0.8034188034188035	0.8468468468468469	0.8245614035087719	111.0
accuracy	0.7674418604651163	0.7674418604651163	0.7674418604651163	0.7674418604651163
macro avg	0.7214010390480979	0.7093656156156157	0.7147923572371789	215.0
weighted avg	0.7650664702374689	0.7674418604651163	0.7656630699028141	215.0
