	precision	recall	f1-score	support
AGAINST	0.8405797101449275	0.8055555555555556	0.8226950354609929	72.0
FAVOR	0.6333333333333333	0.59375	0.6129032258064516	32.0
NONE	0.8362068965517241	0.8738738738738738	0.8546255506607928	111.0
accuracy	0.8093023255813954	0.8093023255813954	0.8093023255813954	0.8093023255813954
macro avg	0.770039980009995	0.7577264764764765	0.7634079373094124	215.0
weighted avg	0.8074761456481062	0.8093023255813954	0.8079552646620741	215.0
