	AGAINST	FAVOR	NONE	accuracy	macro avg	weighted avg
precision	0.45	0.7634408602150538	0.6590909090909091	0.6666666666666666	0.624177256435321	0.6713940940294139
recall	0.5142857142857142	0.7802197802197802	0.5686274509803921	0.6666666666666666	0.6210443151619621	0.6666666666666666
f1-score	0.48	0.7717391304347825	0.6105263157894737	0.6666666666666666	0.6207551487414187	0.6675994518351884
support	35.0	91.0	51.0	0.6666666666666666	177.0	177.0
