	precision	recall	f1-score	support
AGAINST	0.9090909090909091	0.19607843137254902	0.3225806451612903	51.0
FAVOR	0.7125	0.9421487603305785	0.811387900355872	121.0
NONE	0.6756756756756757	0.6944444444444444	0.684931506849315	36.0
accuracy	0.7163461538461539	0.7163461538461539	0.7163461538461539	0.7163461538461539
macro avg	0.7657555282555283	0.610890545382524	0.6063000174554926	208.0
weighted avg	0.7543291379228878	0.7163461538461539	0.6696494379464504	208.0
