	AGAINST	FAVOR	NONE	accuracy	macro avg	weighted avg
precision	0.4444444444444444	0.6851851851851852	0.5833333333333334	0.6384180790960452	0.5709876543209877	0.6082339401548441
recall	0.11428571428571428	0.8131868131868132	0.6862745098039216	0.6384180790960452	0.5379156790921497	0.6384180790960452
f1-score	0.1818181818181818	0.743718592964824	0.6306306306306307	0.6384180790960452	0.5187224684712122	0.600023675059873
support	35.0	91.0	51.0	0.6384180790960452	177.0	177.0
