	precision	recall	f1-score	support
AGAINST	0.8166666666666667	0.6805555555555556	0.7424242424242424	72.0
FAVOR	0.5625	0.5625	0.5625	32.0
NONE	0.7804878048780488	0.8648648648648649	0.8205128205128206	111.0
accuracy	0.7581395348837209	0.7581395348837209	0.7581395348837209	0.7581395348837209
macro avg	0.7198848238482385	0.7026401401401401	0.7084790209790209	215.0
weighted avg	0.7601588201928531	0.7581395348837209	0.7559603187510164	215.0
