	precision	recall	f1-score	support
AGAINST	0.5909090909090909	0.7647058823529411	0.6666666666666667	51.0
FAVOR	0.8135593220338984	0.7933884297520661	0.8033472803347281	121.0
NONE	0.6666666666666666	0.4444444444444444	0.5333333333333333	36.0
accuracy	0.7259615384615384	0.7259615384615384	0.7259615384615384	0.7259615384615384
macro avg	0.6903783598698853	0.6675129188498173	0.6677824267782427	208.0
weighted avg	0.7335434692426218	0.7259615384615384	0.7231010621177986	208.0
