	precision	recall	f1-score	support
AGAINST	0.8169014084507042	0.8055555555555556	0.8111888111888113	72.0
FAVOR	0.7666666666666667	0.71875	0.7419354838709677	32.0
NONE	0.8508771929824561	0.8738738738738738	0.8622222222222221	111.0
accuracy	0.827906976744186	0.827906976744186	0.827906976744186	0.827906976744186
macro avg	0.8114817560332757	0.7993931431431432	0.805115505760667	215.0
weighted avg	0.826965596106217	0.827906976744186	0.8272288211913117	215.0
