	precision	recall	f1-score	support
AGAINST	0.6818181818181818	0.8823529411764706	0.7692307692307693	51.0
FAVOR	0.8738738738738738	0.8016528925619835	0.8362068965517241	121.0
NONE	0.7096774193548387	0.6111111111111112	0.6567164179104478	36.0
accuracy	0.7884615384615384	0.7884615384615384	0.7884615384615384	0.7884615384615384
macro avg	0.7551231583489647	0.7650389816165216	0.7540513612309804	208.0
weighted avg	0.798364678405001	0.7884615384615384	0.7887192055687691	208.0
