	precision	recall	f1-score	support
AGAINST	0.6949152542372882	0.803921568627451	0.7454545454545455	51.0
FAVOR	0.8487394957983193	0.8347107438016529	0.8416666666666667	121.0
NONE	0.7666666666666667	0.6388888888888888	0.696969696969697	36.0
accuracy	0.7932692307692307	0.7932692307692307	0.7932692307692307	0.7932692307692307
macro avg	0.770107138900758	0.7591737337726642	0.7613636363636364	208.0
weighted avg	0.7968180622966266	0.7932692307692307	0.7930324883449884	208.0
