	precision	recall	f1-score	support
AGAINST	0.8448275862068966	0.6805555555555556	0.7538461538461538	72.0
FAVOR	0.6129032258064516	0.59375	0.6031746031746031	32.0
NONE	0.7777777777777778	0.8828828828828829	0.8270042194092827	111.0
accuracy	0.772093023255814	0.772093023255814	0.772093023255814	0.772093023255814
macro avg	0.7451695299303753	0.7190628128128128	0.7280083254766799	215.0
weighted avg	0.775692198911797	0.772093023255814	0.769190598757864	215.0
