	AGAINST	FAVOR	NONE	accuracy	macro avg	weighted avg
precision	0.3898305084745763	0.8260869565217391	0.5918367346938775	0.615819209039548	0.6025847332300643	0.6723257305620124
recall	0.6571428571428571	0.6263736263736264	0.5686274509803921	0.615819209039548	0.6173813114989585	0.615819209039548
f1-score	0.4893617021276596	0.7125	0.58	0.615819209039548	0.5939539007092199	0.6301986416636615
support	35.0	91.0	51.0	0.615819209039548	177.0	177.0
