	precision	recall	f1-score	support
AGAINST	0.8461538461538461	0.4583333333333333	0.5945945945945945	72.0
FAVOR	0.5333333333333333	0.5	0.5161290322580646	32.0
NONE	0.6986301369863014	0.918918918918919	0.7937743190661479	111.0
accuracy	0.7023255813953488	0.7023255813953488	0.7023255813953488	0.7023255813953488
macro avg	0.692705772157827	0.6257507507507508	0.6348326486396024	215.0
weighted avg	0.723431110675456	0.7023255813953488	0.6857483221367967	215.0
