	bert-base-uncased	roberta-base
0	[0.47207602339181287, 0.23032581453634088, 0.23032581453634088]	[0.5085213032581454, 0.36271929824561405, 0.36271929824561405]
1		
2		
3		
4		
