	bert-base-uncased	roberta-base
0	0.3142584506123376	0.37949419983403093
1		
2		
3		
4		
