	bert-base-uncased	roberta-base
0	0.5800438596491229	0.6354166666666666
1		
2		
3		
4		
