	bert-base-uncased	roberta-base
0	[0.5168337510442774, 0.42192982456140354, 0.42192982456140354]	[0.4509221772379668, 0.1807644110275689, 0.1807644110275689]
1		
2		
3		
4		
