	bert-base-uncased	roberta-base
0	[0.4213448101605997, 0.4495614035087719, 0.4495614035087719]	[0.46906280853649274, 0.5508771929824562, 0.5508771929824562]
1		
2		
3		
4		
