	bert-base-uncased	roberta-base
0	0.35467852474365	0.4039069645554899
1		
2		
3		
4		
