	bert-base-uncased	roberta-base
0	0.2709488101353019	0.44693568517567284
1		
2		
3		
4		
