	bert-base-uncased	roberta-base
0	[0.3911203854172732, 0.17101465785676315, 0.40585642812097106]	[0.4738952693604804, 0.4021815903394851, 0.4045694888187148]
1		
2		
3		
4		
