	bert-base-uncased	roberta-base
0	[0.4614928200454516, 0.40307017543859647, 0.40307017543859647]	[0.36314103423236554, 0.35964912280701755, 0.35964912280701755]
1		
2		
3		
4		
