	bert-base-uncased	roberta-base
0	0.4095768923983035	0.3069786277670919
1		
2		
3		
4		
