	bert-base-uncased	roberta-base
0	0.32266382379833575	0.4268821161728934
1		
2		
3		
4		
