	bert-base-uncased	roberta-base
0	[0.4431989063568011, 0.13157894736842102, 0.13157894736842102]	[0.6008458646616542, 0.5202380952380952, 0.5202380952380952]
1		
2		
3		
4		
