	bert-base-uncased	roberta-base
0	[0.350060684929106, 0.2793859649122807, 0.2793859649122807]	[0.45845353476932427, 0.46710526315789475, 0.46710526315789475]
1		
2		
3		
4		
