	bert-base-uncased	roberta-base
0	[0.3828134219630737, 0.20994721652616385, 0.3500147133477752]	[0.45888170436225356, 0.31046365914786966, 0.3691372359919695]
1		
2		
3		
4		
