	bert-base-uncased	roberta-base
0	0.5882675438596492	0.5904605263157895
1		
2		
3		
4		
