	bert-base-uncased	roberta-base
0	0.6348684210526315	0.6491228070175439
1		
2		
3		
4		
