	bert-base-uncased	roberta-base
0	[0.565665109744057, 0.46929824561403516, 0.46929824561403516]	[0.3404685957317537, 0.27631578947368424, 0.27631578947368424]
1		
2		
3		
4		
