	bert-base-uncased	roberta-base
0	0.6036184210526315	0.6332236842105263
1		
2		
3		
4		
