	bert-base-uncased	roberta-base
0	[0.3357104883420673, 0.11716791979949875, 0.11716791979949875]	[0.5371333345017555, 0.5228070175438596, 0.5228070175438596]
1		
2		
3		
4		
