	bert-base-uncased	roberta-base
0	0.3078119690545686	0.38080717177529566
1		
2		
3		
4		
