	bert-base-uncased	roberta-base
0	[0.5350739817458083, 0.3617794486215539, 0.3318772468275483]	[0.3778483378917489, 0.1837092731829574, 0.35937827222656943]
1		
2		
3		
4		
