	bert-base-uncased	roberta-base
0	[0.36954302328670907, 0.12644110275689222, 0.3168623043623044]	[0.5133492712458678, 0.44875446191235663, 0.3787033223687941]
1		
2		
3		
4		
