	bert-base-uncased	roberta-base
0	[0.4170625427204375, 0.20657894736842106, 0.20657894736842106]	[0.4923027265132529, 0.3071428571428571, 0.3071428571428571]
1		
2		
3		
4		
