	bert-base-uncased	roberta-base
0	[0.3678374908454751, 0.11871345029239766, 0.3419522342122961]	[0.5309472691051639, 0.439954051796157, 0.3904031545621934]
1		
2		
3		
4		
