	bert-base-uncased	roberta-base
0	0.6041666666666666	0.6326754385964912
1		
2		
3		
4		
