	bert-base-uncased	roberta-base
0	0.27616772511672294	0.453768158487838
1		
2		
3		
4		
