	bert-base-uncased	roberta-base
0	0.5866228070175439	0.6480263157894737
1		
2		
3		
4		
