	bert-base-uncased	roberta-base
0	[0.3718215994531784, 0.2317355889724311, 0.2317355889724311]	[0.4629889116731222, 0.41184210526315795, 0.41184210526315795]
1		
2		
3		
4		
