	bert-base-uncased	roberta-base
0	[0.465016708437761, 0.20087719298245615, 0.20087719298245615]	[0.5464598997493734, 0.47612781954887223, 0.47612781954887223]
1		
2		
3		
4		
