	bert-base-uncased	roberta-base
0	[0.4671344045305265, 0.35912698412698413, 0.352174871911714]	[0.3927853338611853, 0.21971595655806184, 0.37239790653103344]
1		
2		
3		
4		
