	bert-base-uncased	roberta-base
0	[0.4612781954887218, 0.2607769423558897, 0.2607769423558897]	[0.5158815599605074, 0.287531328320802, 0.287531328320802]
1		
2		
3		
4		
