	bert-base-uncased	roberta-base
0	[0.32539967342598924, 0.11209273182957394, 0.11209273182957394]	[0.4996192404087142, 0.4922932330827067, 0.4922932330827067]
1		
2		
3		
4		
