	bert-base-uncased	roberta-base
0	0.587171052631579	0.649671052631579
1		
2		
3		
4		
