	bert-base-uncased	roberta-base
0	[0.3725376825812707, 0.2150375939849624, 0.33586063059747273]	[0.433501983294227, 0.33229665071770337, 0.3766228813139567]
1		
2		
3		
4		
