	bert-base-uncased	roberta-base
0	[0.44268815979342296, 0.17543859649122806, 0.17543859649122806]	[0.577181590339485, 0.5377192982456139, 0.5377192982456139]
1		
2		
3		
4		
