	bert-base-uncased	roberta-base
0	[0.34052555631502995, 0.3043859649122807, 0.3043859649122807]	[0.4385309865573024, 0.4973684210526315, 0.4973684210526315]
1		
2		
3		
4		
