	bert-base-uncased	roberta-base
0	[0.41321716364799665, 0.2764828738512949, 0.37433553673165865]	[0.448843535567505, 0.37943722943722946, 0.3834401286617353]
1		
2		
3		
4		
