	bert-base-uncased	roberta-base
0	[0.5701630971367814, 0.4, 0.4]	[0.43183906736538313, 0.18815789473684208, 0.18815789473684208]
1		
2		
3		
4		
