	precision	recall	f1-score	support
AGAINST	0.8695652173913043	0.5555555555555556	0.6779661016949152	72.0
FAVOR	0.5384615384615384	0.65625	0.5915492957746479	32.0
NONE	0.7846153846153846	0.918918918918919	0.8464730290456431	111.0
accuracy	0.7581395348837209	0.7581395348837209	0.7581395348837209	0.7581395348837209
macro avg	0.7308807134894092	0.7102414914914915	0.7053294755050689	215.0
weighted avg	0.776426849187213	0.7581395348837209	0.7521006651669258	215.0
