	precision	recall	f1-score	support
AGAINST	0.5833333333333334	0.8235294117647058	0.6829268292682927	51.0
FAVOR	0.8736842105263158	0.6859504132231405	0.7685185185185186	121.0
NONE	0.5121951219512195	0.5833333333333334	0.5454545454545454	36.0
accuracy	0.7019230769230769	0.7019230769230769	0.7019230769230769	0.7019230769230769
macro avg	0.6564042219369562	0.6976043861070599	0.665633297747119	208.0
weighted avg	0.7399269897304237	0.7019230769230769	0.7089248686047467	208.0
