	AGAINST	FAVOR	NONE	accuracy	macro avg	weighted avg
precision	0.4	0.7746478873239436	0.5409836065573771	0.5988700564971752	0.5718771646271069	0.6332379755983338
recall	0.5142857142857142	0.6043956043956044	0.6470588235294118	0.5988700564971752	0.5885800474035768	0.5988700564971752
f1-score	0.45	0.6790123456790124	0.5892857142857144	0.5988700564971752	0.5727660199882423	0.6078739824031727
support	35.0	91.0	51.0	0.5988700564971752	177.0	177.0
