	precision	recall	f1-score	support
AGAINST	0.5	0.058823529411764705	0.10526315789473684	51.0
FAVOR	0.6474358974358975	0.8347107438016529	0.7292418772563177	121.0
NONE	0.4782608695652174	0.6111111111111112	0.5365853658536586	36.0
accuracy	0.6057692307692307	0.6057692307692307	0.6057692307692307	0.6057692307692307
macro avg	0.5418989223337048	0.5015484614415096	0.4570301336682377	208.0
weighted avg	0.5820054562215934	0.6057692307692307	0.5429026989008545	208.0
