	AGAINST	FAVOR	NONE	accuracy	macro avg	weighted avg
precision	0.5416666666666666	0.7307692307692307	0.5918367346938775	0.6666666666666666	0.6214242107099249	0.653344671201814
recall	0.37142857142857144	0.8351648351648352	0.5686274509803921	0.6666666666666666	0.5917402858579329	0.6666666666666666
f1-score	0.44067796610169496	0.7794871794871795	0.58	0.6666666666666666	0.6000550485296249	0.6550116505474162
support	35.0	91.0	51.0	0.6666666666666666	177.0	177.0
