	precision	recall	f1-score	support
AGAINST	0.8305084745762712	0.6805555555555556	0.748091603053435	72.0
FAVOR	0.5294117647058824	0.5625	0.5454545454545455	32.0
NONE	0.7868852459016393	0.8648648648648649	0.8240343347639485	111.0
accuracy	0.7581395348837209	0.7581395348837209	0.7581395348837209	0.7581395348837209
macro avg	0.7156018283945976	0.7026401401401401	0.7058601610906431	215.0
weighted avg	0.7631723206286591	0.7581395348837209	0.7571393117822841	215.0
