	precision	recall	f1-score	support
AGAINST	0.5915492957746479	0.8235294117647058	0.6885245901639344	51.0
FAVOR	0.8631578947368421	0.6776859504132231	0.7592592592592592	121.0
NONE	0.5238095238095238	0.6111111111111112	0.5641025641025642	36.0
accuracy	0.7019230769230769	0.7019230769230769	0.7019230769230769	0.7019230769230769
macro avg	0.659505571440338	0.7041088244296801	0.6706288045085859	208.0
weighted avg	0.7378281836769607	0.7019230769230769	0.7081385421943429	208.0
