	precision	recall	f1-score	support
AGAINST	0.7666666666666667	0.6388888888888888	0.696969696969697	72.0
FAVOR	0.5652173913043478	0.40625	0.4727272727272727	32.0
NONE	0.7272727272727273	0.8648648648648649	0.7901234567901235	111.0
accuracy	0.7209302325581395	0.7209302325581395	0.7209302325581395	0.7209302325581395
macro avg	0.6863855950812473	0.6366679179179179	0.6532734754956978	215.0
weighted avg	0.7163452523209854	0.7209302325581395	0.7116874168036958	215.0
