	AGAINST	FAVOR	NONE	accuracy	macro avg	weighted avg
precision	0.375	0.7692307692307693	0.6101694915254238	0.6271186440677966	0.584800086918731	0.6454443167672125
recall	0.42857142857142855	0.6593406593406593	0.7058823529411765	0.6271186440677966	0.5979314802844214	0.6271186440677966
f1-score	0.39999999999999997	0.7100591715976332	0.6545454545454547	0.6271186440677966	0.5882015420476959	0.6327525581762871
support	35.0	91.0	51.0	0.6271186440677966	177.0	177.0
