	precision	recall	f1-score	support
AGAINST	0.7555555555555555	0.6666666666666666	0.7083333333333334	51.0
FAVOR	0.813953488372093	0.8677685950413223	0.84	121.0
NONE	0.6764705882352942	0.6388888888888888	0.6571428571428571	36.0
accuracy	0.7788461538461539	0.7788461538461539	0.7788461538461539	0.7788461538461539
macro avg	0.7486598773876475	0.7244413835322926	0.7351587301587301	208.0
weighted avg	0.7758396471289768	0.7788461538461539	0.7760679945054944	208.0
