	precision	recall	f1-score	support
AGAINST	0.8333333333333334	0.6944444444444444	0.7575757575757577	72.0
FAVOR	0.4791666666666667	0.71875	0.575	32.0
NONE	0.8598130841121495	0.8288288288288288	0.8440366972477064	111.0
accuracy	0.7674418604651163	0.7674418604651163	0.7674418604651163	0.7674418604651163
macro avg	0.7241043613707165	0.747341091091091	0.7255374849411546	215.0
weighted avg	0.7942910961385204	0.7674418604651163	0.7750396648369765	215.0
