	AGAINST	FAVOR	NONE	accuracy	macro avg	weighted avg
precision	0.6296296296296297	0.7068965517241379	0.6470588235294118	0.6836158192090396	0.6611950016277265	0.6743764025080994
recall	0.4857142857142857	0.9010989010989011	0.43137254901960786	0.6836158192090396	0.6060619119442648	0.6836158192090396
f1-score	0.5483870967741936	0.7922705314009661	0.5176470588235293	0.6836158192090396	0.6194348956662297	0.6649161962970888
support	35.0	91.0	51.0	0.6836158192090396	177.0	177.0
