	bert-base-uncased	roberta-base
0	0.6836622807017544	0.7351973684210527
1	0.6650219298245613	0.6946271929824561
2		
3		
4		
