	bert-base-uncased	roberta-base
0	[0.7530388471177943, 0.6572055137844611, 0.5669799498746867]	[0.7393901420217209, 0.6320175438596491, 0.5902986633249792]
1	[0.7238512949039265, 0.5912280701754385, 0.6345238095238095]	[0.7803675856307436, 0.6708646616541354, 0.6015037593984962]
2	[0.6812969924812031, 0.6135964912280701, 0.630889724310777]	[0.7650774663932559, 0.6260025062656642, 0.5349832915622389]
3	[0.671157059314954, 0.5985380116959064, 0.6023809523809525]	[0.7901942355889725, 0.6754072681704261, 0.5619360902255641]
4	[0.7266290726817043, 0.6764411027568923, 0.5942669172932331]	[0.8020082256924362, 0.6951754385964911, 0.6133458646616541]
