	bert-base-uncased	roberta-base
0	0.6343201754385965	0.6452850877192983
1	0.6617324561403508	0.7072368421052632
2		
3		
4		
