	bert-base-uncased	roberta-base
0	[0.4158432941327678, 0.3907894736842105, 0.3373367129946077]	[0.5032429558745347, 0.46008771929824555, 0.31217627401837933]
1	[0.6916562238930661, 0.48026315789473684, 0.5574248120300753]	[0.6469715956558061, 0.5971177944862155, 0.49252297410192153]
2		
3		
4		
