	bert-base-uncased	roberta-base
0	0.5191042583600023	0.5997981736758826
1	0.4611852716321513	0.5159903880451379
2		
3		
4		
