	bert-base-uncased	roberta-base
0	0.6435167028820281	0.6335109759400943
1	0.6320638009146238	0.6790621659042713
2	0.6219647032910842	0.6536718999954294
3	0.5969429129401428	0.6717702055305934
4	0.6432918902773881	0.6715191928814219
