	bert-base-uncased	roberta-base
0	0.7384868421052632	0.7176535087719298
1	0.724780701754386	0.7467105263157895
2	0.7198464912280702	0.7423245614035088
3	0.7066885964912281	0.7658991228070176
4	0.7297149122807017	0.7543859649122807
