	bert-base-uncased	roberta-base
0	[0.4352916962457455, 0.2788220551378446, 0.3669606790472034]	[0.47831435678184914, 0.3409774436090226, 0.35439108105516776]
1	[0.6505729270638835, 0.3106801093643199, 0.4892287537024381]	[0.6375936928568507, 0.5488770001927898, 0.4809726865841418]
2		
3		
4		
