	bert-base-uncased	roberta-base
0	0.36035814347693107	0.39122762714867987
1	0.4834939300435471	0.5558144598779274
2		
3		
4		
