	bert-base-uncased	roberta-base
0	0.7357456140350876	0.7653508771929824
1	0.7297149122807017	0.7598684210526315
2	0.7330043859649124	0.7702850877192983
3	0.7538377192982456	0.7527412280701755
4	0.71875	0.7494517543859649
