	bert-base-uncased	roberta-base
0	[0.565712897489417, 0.493358395989975, 0.4982414816006148]	[0.6851881134001877, 0.5956011824432877, 0.5186052251841725]
1	[0.5066151519528578, 0.4216279334700388, 0.45531272947355744]	[0.6548212695638148, 0.47977139819245085, 0.4133784963791481]
2		
3		
4		
