	bert-base-uncased	roberta-base
0	[0.6141604010025062, 0.5239766081871345, 0.5239766081871345]	[0.7419381787802841, 0.5820175438596491, 0.5820175438596491]
1	[0.5751148705096074, 0.41265664160401005, 0.41265664160401005]	[0.6812238930659984, 0.5305137844611528, 0.5305137844611528]
2		
3		
4		
