	bert-base-uncased	roberta-base
0	[0.8369674185463659, 0.6480263157894737, 0.6480263157894737]	[0.8127747252747253, 0.606140350877193, 0.606140350877193]
1	[0.7433166248955724, 0.5762844611528821, 0.5762844611528821]	[0.8673350041771095, 0.6968671679197995, 0.6968671679197995]
2	[0.7727339181286551, 0.6041144527986634, 0.6041144527986634]	[0.8512250176723861, 0.6914473684210528, 0.6914473684210528]
3	[0.714452798663325, 0.5826023391812866, 0.5826023391812866]	[0.8709273182957395, 0.6667919799498747, 0.6667919799498747]
4	[0.789792663476874, 0.693796992481203, 0.693796992481203]	[0.8533625730994152, 0.6366228070175438, 0.6366228070175438]
