	bert-base-uncased	roberta-base
0	[0.4908416875522139, 0.26330409356725143, 0.26330409356725143]	[0.5396303258145363, 0.35921052631578954, 0.35921052631578954]
1	[0.6857522594364699, 0.26196741854636596, 0.26196741854636596]	[0.6743838763575605, 0.5438283208020052, 0.5438283208020052]
2		
3		
4		
