	bert-base-uncased	roberta-base
0	[0.6253949267107162, 0.5473684210526316, 0.5079782790309106]	[0.6835108604845448, 0.6767543859649122, 0.5409774436090227]
1	[0.5051860420281473, 0.519298245614035, 0.4317251461988304]	[0.6739111035163667, 0.5231203007518797, 0.38893065998329157]
2		
3		
4		
