	precision	recall	f1-score	support
AGAINST	0.5111111111111111	0.9019607843137255	0.652482269503546	51.0
FAVOR	0.8666666666666667	0.6446280991735537	0.7393364928909952	121.0
NONE	0.6785714285714286	0.5277777777777778	0.5937499999999999	36.0
accuracy	0.6875	0.6875	0.6875	0.6875
macro avg	0.6854497354497354	0.691455553755019	0.6618562541315137	208.0
weighted avg	0.7469322344322346	0.6875	0.6928428431946696	208.0
