	AGAINST	FAVOR	NONE	accuracy	macro avg	weighted avg
precision	0.37777777777777777	0.7894736842105263	0.6071428571428571	0.6271186440677966	0.5914647730437204	0.6555288881337052
recall	0.4857142857142857	0.6593406593406593	0.6666666666666666	0.6271186440677966	0.6039072039072039	0.6271186440677966
f1-score	0.425	0.7185628742514969	0.6355140186915887	0.6271186440677966	0.5930256309810286	0.6365843870630352
support	35.0	91.0	51.0	0.6271186440677966	177.0	177.0
