	precision	recall	f1-score	support
AGAINST	0.6056338028169014	0.8431372549019608	0.7049180327868853	51.0
FAVOR	0.8468468468468469	0.7768595041322314	0.810344827586207	121.0
NONE	0.7307692307692307	0.5277777777777778	0.6129032258064515	36.0
accuracy	0.75	0.75	0.75	0.75
macro avg	0.7277499601443264	0.7159248456039901	0.7093886953931813	208.0
weighted avg	0.7676129073068402	0.75	0.7503224035533388	208.0
