	AGAINST	FAVOR	NONE	accuracy	macro avg	weighted avg
precision	0.358974358974359	0.7894736842105263	0.6290322580645161	0.6384180790960452	0.5924934337498006	0.6581178134946372
recall	0.4	0.6593406593406593	0.7647058823529411	0.6384180790960452	0.6080155138978668	0.6384180790960452
f1-score	0.37837837837837845	0.7185628742514969	0.6902654867256637	0.6384180790960452	0.5957355797851797	0.6431412690572785
support	35.0	91.0	51.0	0.6384180790960452	177.0	177.0
