	AGAINST	FAVOR	NONE	accuracy	macro avg	weighted avg
precision	0.4444444444444444	0.7448979591836735	0.7058823529411765	0.6610169491525424	0.6317415855230982	0.6742444623800556
recall	0.5714285714285714	0.8021978021978022	0.47058823529411764	0.6610169491525424	0.6147382029734971	0.6610169491525424
f1-score	0.5	0.7724867724867726	0.5647058823529412	0.6610169491525424	0.612397551613238	0.6587361372672107
support	35.0	91.0	51.0	0.6610169491525424	177.0	177.0
