	overall_f1	dev_accuracy	fm_f1	fm_precision	fm_recall	saho_f1	saho_precision	saho_recall	sc_f1	sc_precision	sc_recall	fm_accuracy
0	0.4268821161728934		0.4738952693604804	0.4629889116731222	0.5464598997493734	0.4021815903394851	0.41184210526315795	0.47612781954887223	0.4045694888187148	0.41184210526315795	0.47612781954887223	0.6326754385964912
1												
2												
3												
4												
5												
6												
7												
8												
9												
