	overall_f1	dev_accuracy	fm_f1	fm_precision	fm_recall	saho_f1	saho_precision	saho_recall	sc_f1	sc_precision	sc_recall	fm_accuracy
0	0.453768158487838		0.5309472691051639	0.5371333345017555	0.6008458646616542	0.439954051796157	0.5228070175438596	0.5202380952380952	0.3904031545621934	0.5228070175438596	0.5202380952380952	0.6480263157894737
1												
2												
3												
4												
5												
6												
7												
8												
9												
