	overall_f1	dev_accuracy	fm_f1	fm_precision	fm_recall	saho_f1	saho_precision	saho_recall	sc_f1	sc_precision	sc_recall	fm_accuracy
0	0.38080717177529566		0.433501983294227	0.4385309865573024	0.4923027265132529	0.33229665071770337	0.4973684210526315	0.3071428571428571	0.3766228813139567	0.4973684210526315	0.3071428571428571	0.6354166666666666
1												
2												
3												
4												
5												
6												
7												
8												
9												
