	overall_f1	dev_accuracy	fm_f1	fm_precision	fm_recall	saho_f1	saho_precision	saho_recall	sc_f1	sc_precision	sc_recall	fm_accuracy
0	0.3282997323167602		0.3927853338611853	0.36314103423236554	0.4509221772379668	0.21971595655806184	0.35964912280701755	0.1807644110275689	0.37239790653103344	0.35964912280701755	0.1807644110275689	0.5910087719298245
1												
2												
3												
4												
5												
6												
7												
8												
9												
