	AGAINST	FAVOR	NONE	accuracy	macro avg	weighted avg
precision	0.4482758620689655	0.6896551724137931	0.6875	0.6497175141242938	0.6084770114942529	0.6413038184297681
recall	0.37142857142857144	0.8791208791208791	0.43137254901960786	0.6497175141242938	0.5606406665230195	0.6497175141242938
f1-score	0.40625	0.7729468599033816	0.5301204819277109	0.6497175141242938	0.5697724472770308	0.6304692589238474
support	35.0	91.0	51.0	0.6497175141242938	177.0	177.0
