	precision	recall	f1-score	support
AGAINST	0.8	0.6666666666666666	0.7272727272727272	72.0
FAVOR	0.5428571428571428	0.59375	0.5671641791044776	32.0
NONE	0.7666666666666667	0.8288288288288288	0.7965367965367967	111.0
accuracy	0.7395348837209302	0.7395348837209302	0.7395348837209302	0.7395348837209302
macro avg	0.7031746031746032	0.6964151651651651	0.6969912343046673	215.0
weighted avg	0.7445182724252493	0.7395348837209302	0.7392022070258794	215.0
