	AGAINST	FAVOR	NONE	accuracy	macro avg	weighted avg
precision	0.4	0.7171717171717171	0.6744186046511628	0.6440677966101694	0.5971967739409599	0.6421354525414438
recall	0.4	0.7802197802197802	0.5686274509803921	0.6440677966101694	0.5829490770667242	0.6440677966101694
f1-score	0.4000000000000001	0.7473684210526317	0.6170212765957446	0.6440677966101694	0.5881298992161255	0.6411220984303528
support	35.0	91.0	51.0	0.6440677966101694	177.0	177.0
