	precision	recall	f1-score	support
AGAINST	0.7910447761194029	0.7361111111111112	0.7625899280575541	72.0
FAVOR	0.5	0.53125	0.5151515151515151	32.0
NONE	0.8070175438596491	0.8288288288288288	0.8177777777777778	111.0
accuracy	0.7534883720930232	0.7534883720930232	0.7534883720930232	0.7534883720930232
macro avg	0.6993541066596839	0.69872997997998	0.6985064069956156	215.0
weighted avg	0.7559728895303165	0.7534883720930232	0.7542542169224452	215.0
