	AGAINST	FAVOR	NONE	accuracy	macro avg	weighted avg
precision	0.0	0.6964285714285714	0.546875	0.6384180790960452	0.4144345238095238	0.515625
recall	0.0	0.8571428571428571	0.6862745098039216	0.6384180790960452	0.5144724556489262	0.6384180790960452
f1-score	0.0	0.768472906403941	0.6086956521739131	0.6384180790960452	0.45905618619261795	0.5704774731278428
support	35.0	91.0	51.0	0.6384180790960452	177.0	177.0
