	precision	recall	f1-score	support
AGAINST	0.7115384615384616	0.7254901960784313	0.7184466019417477	51.0
FAVOR	0.8253968253968254	0.859504132231405	0.8421052631578947	121.0
NONE	0.7	0.5833333333333334	0.6363636363636365	36.0
accuracy	0.7788461538461539	0.7788461538461539	0.7788461538461539	0.7788461538461539
macro avg	0.7456450956450956	0.7227758872143899	0.7323051671544262	208.0
weighted avg	0.775776333709026	0.7788461538461539	0.7761759829337754	208.0
