	precision	recall	f1-score	support
AGAINST	0.84	0.5833333333333334	0.6885245901639344	72.0
FAVOR	0.5675675675675675	0.65625	0.6086956521739131	32.0
NONE	0.78125	0.9009009009009009	0.8368200836820082	111.0
accuracy	0.7581395348837209	0.7581395348837209	0.7581395348837209	0.7581395348837209
macro avg	0.7296058558558558	0.7134947447447448	0.7113467753399519	215.0
weighted avg	0.7691205216844751	0.7581395348837209	0.7532049332561462	215.0
