	bert-base-uncased	roberta-base
0	0.6384431883393101	0.6979706709623608
1	0.6505848068521198	0.6383096578294453
2	0.6550458771821003	0.6997841513411719
3	0.629117659704673	0.6538882621883274
4	0.571152929744261	0.6330929276729342
