	precision	recall	f1-score	support
AGAINST	0.6935483870967742	0.5972222222222222	0.6417910447761195	72.0
FAVOR	0.4583333333333333	0.34375	0.39285714285714285	32.0
NONE	0.7131782945736435	0.8288288288288288	0.7666666666666668	111.0
accuracy	0.6790697674418604	0.6790697674418604	0.6790697674418604	0.6790697674418604
macro avg	0.6216866716679169	0.5899336836836837	0.6004382847666431	215.0
weighted avg	0.6686741452805063	0.6790697674418604	0.6692110874200428	215.0
