	AGAINST	FAVOR	NONE	accuracy	macro avg	weighted avg
precision	0.30303030303030304	0.6886792452830188	0.7368421052631579	0.6271186440677966	0.5761838845254932	0.6262984140973805
recall	0.2857142857142857	0.8021978021978022	0.5490196078431373	0.6271186440677966	0.5456438985850751	0.6271186440677966
f1-score	0.2941176470588235	0.7411167512690355	0.6292134831460675	0.6271186440677966	0.5548159604913089	0.6204837833502288
support	35.0	91.0	51.0	0.6271186440677966	177.0	177.0
