	precision	recall	f1-score	support
AGAINST	0.618421052631579	0.9215686274509803	0.7401574803149605	51.0
FAVOR	0.8888888888888888	0.7272727272727273	0.7999999999999999	121.0
NONE	0.6363636363636364	0.5833333333333334	0.6086956521739131	36.0
accuracy	0.75	0.75	0.75	0.75
macro avg	0.7145578592947014	0.7440582293523471	0.7162843774962911	208.0
weighted avg	0.7788659622541201	0.75	0.7522167066073262	208.0
