	precision	recall	f1-score	support
AGAINST	0.8333333333333334	0.7638888888888888	0.7971014492753623	72.0
FAVOR	0.6538461538461539	0.53125	0.5862068965517242	32.0
NONE	0.8048780487804879	0.8918918918918919	0.8461538461538461	111.0
accuracy	0.7953488372093023	0.7953488372093023	0.7953488372093023	0.7953488372093023
macro avg	0.7640191786533249	0.7290102602602602	0.7431540639936443	215.0
weighted avg	0.791928094594005	0.7953488372093023	0.7910372184212009	215.0
