	AGAINST	FAVOR	NONE	accuracy	macro avg	weighted avg
precision	0.43902439024390244	0.7948717948717948	0.5689655172413793	0.6384180790960452	0.6009539007856922	0.6594148495546908
recall	0.5142857142857142	0.6813186813186813	0.6470588235294118	0.6384180790960452	0.6142210730446025	0.6384180790960452
f1-score	0.4736842105263158	0.7337278106508875	0.6055045871559633	0.6384180790960452	0.6043055361110555	0.645361085212463
support	35.0	91.0	51.0	0.6384180790960452	177.0	177.0
